Adrar ;1000;Adrar
Adrar ;1001;Adgha
Adrar ;1100;Zaouiet Sidi Abdelkader  
Adrar ;1102;Oudgha
Adrar ;1103;Lahmeur
Adrar ;1120;Tamentit
Adrar ;1130;Tsabit
Adrar ;1141;Sebaa
Adrar ;1150;Bouda Bendraou   
Adrar ;1161;Ouled Ahmed   
Adrar ;1162;Melouka
Adrar ;1200;Reggane
Adrar ;1201;Bahou
Adrar ;1203;Sali
Adrar ;1220;Bordj-Badji-Mokhtar
Adrar ;1230;Timiaouine
Adrar ;1240;Zaouiet Kounta   
Adrar ;1241;Bouali
Adrar ;1242;Tittaouine Lakhras   
Adrar ;1243;Tiouririne
Adrar ;1300;Aoulef
Adrar ;1301;Aoulef Cheurfa   
Adrar ;1302;Akabli
Adrar ;1320;Tit
Adrar ;1400;Timimoun
Adrar ;1410;Ouled Aissa   
Adrar ;1415;Ouled Said   
Adrar ;1420;Charouine
Adrar ;1430;Zaouiedt Debbagh   
Adrar ;1440;Tiberghamine
Adrar ;1441;Badriane
Adrar ;1442;M'ghiden
Adrar ;1443;Metarfa
Adrar ;1444;Ouled Abbou
Chlef ;2000;Chlef
Chlef ;2100;Oued Fodda   
Chlef ;2101;Bir Saf Saf  
Chlef ;2110;Beni Rached   
Chlef ;2120;Ouled Abbes   
Chlef ;2130;El Karimia   
Chlef ;2131;Chouchaoua
Chlef ;2132;Souk El Had  
Chlef ;2140;Harchoun
Chlef ;2160;Oum Drou   
Chlef ;2170;Chettia
Chlef ;2180;Ouled Fares   
Chlef ;2181;Razim Maamar   
Chlef ;2182;Kherrara
Chlef ;2183;Meddina
Chlef ;2184;Haouch el Ghaba  
Chlef ;2200;Tenes
Chlef ;2012;Taougrite
Chlef ;2201;El Kalaa Bou   Hallou    
Chlef ;2202;Reggoun
Chlef ;2210;Sidi Akkacha   
Chlef ;2215;Abou el Hassan  
Chlef ;2220;Talassa
Chlef ;2225;Souk el Bagar  
Chlef ;2230;Bouzeghaia
Chlef ;2231;Heumis Ain Beida  
Chlef ;2235;Tadhena
Chlef ;2240;Beni Haoua   
Chlef ;2241;Bissa
Chlef ;2245;Breira
Chlef ;2255;El Marsa   
Chlef ;2256;Guelta
Chlef ;2257;Baach
Chlef ;2265;Zeboudja
Chlef ;2266;Main Sinfita   
Chlef ;2270;Benaira
Chlef ;2300;Boukadir
Chlef ;2301;El Athmania   
Chlef ;2302;Ouled Ziad   
Chlef ;2310;Oued Sly   
Chlef ;2320;Sobha
Chlef ;2321;Ouled Fetti   
Chlef ;2330;Ain Merane   
Chlef ;2331;Ain Serdoune   
Chlef ;2332;Souk el Tleta  
Chlef ;2333;Ouled Berradjah   
Chlef ;2350;Taougrite
Chlef ;2351;Bordj Baal   
Chlef ;2353;Souk el Arba  
Chlef ;2354;Chaabnia
Chlef ;2370;Ouled Ben Abdelkader  
Chlef ;2371;Zemoura
Chlef ;2372;Beni Ouazane   
Chlef ;2380;Sendjas
Chlef ;2390;El Hadjadj
Laghouat ;3000;Laghouat
Laghouat ;3001;Laghouat 1er Novembre  
Laghouat ;3100;Ksar el Hirane  
Laghouat ;3110;Sidi Makhlouf   
Laghouat ;3111;Bennana
Laghouat ;3120;Mekhareg
Laghouat ;3121;Reg Taounza   
Laghouat ;3130;El Assafia   
Laghouat ;3200;Ain Madhi   
Laghouat ;3200;M'hat Essoultane   
Laghouat ;3210;Tadjemout
Laghouat ;3220;El Houaita   
Laghouat ;3230;Kheneg
Laghouat ;3240;Tadjrouna
Laghouat ;3300;Hassi R'Mel   
Laghouat ;3310;Hassi Delaa   
Laghouat ;3400;Aflou
Laghouat ;3410;Sidi Bouzid   
Laghouat ;3420;Oued Morra   
Laghouat ;3430;Oued M'zi   
Laghouat ;3450;Beidha
Laghouat ;3450;Gueltat Sidi Saad  
Laghouat ;3451;Hassian Dhib   
Laghouat ;3452;Oued Touil   
Laghouat ;3500;Brida
Laghouat ;3501;Sidi Hamza   
Laghouat ;3510;El Ghicha   
Laghouat ;3520;Hadj Mechri   
Laghouat ;3521;Ain Bekai   
Laghouat ;3530;Sebgag
Laghouat ;3540;Taouiala
Laghouat ;3550;Ain Sidi Ali  
Oum el bouaghi ;4000;Oum el Bouaghi  
Oum el bouaghi ;4001;Sidi R'ghiss M'zi  
Oum el bouaghi ;4100;Ain Babouche   
Oum el bouaghi ;4101;Bir Amar   
Oum el bouaghi ;4120;Ksar Sbahi   
Oum el bouaghi ;4200;Ain Beida   
Oum el bouaghi ;4210;Berriche
Oum el bouaghi ;4212;Ain Ferhat   
Oum el bouaghi ;4230;Fkirina
Oum el bouaghi ;4241;Hanchir Douames   
Oum el bouaghi ;4250;Meskiana
Oum el bouaghi ;4251;Ain Sedjra   
Oum el bouaghi ;4252;Meliana
Oum el bouaghi ;4253;Guern Ahmar   
Oum el bouaghi ;4260;Behir Chergui   
Oum el bouaghi ;4270;El Djazia   
Oum el bouaghi ;4295;Dhala
Oum el bouaghi ;4300;Ain M'lila   
Oum el bouaghi ;4301;Bir Ogla   
Oum el bouaghi ;4302;El Djahli   
Oum el bouaghi ;4310;Ouled Hamla   
Oum el bouaghi ;4320;Bir Chouhada   
Oum el bouaghi ;4326;Hanchir Laatache   
Oum el bouaghi ;4330;Ouled Zouai   
Oum el bouaghi ;4335;Sigus
Oum el bouaghi ;4336;Ouled Naceur   
Oum el bouaghi ;4337;Taxas
Oum el bouaghi ;4345;Ain Fakroun   
Oum el bouaghi ;4347;Ain el Bordj  
Oum el bouaghi ;4350;Bougherara el Fedjoudj  
Oum el bouaghi ;4350;El Fedjoudj   
Oum el bouaghi ;4355;Ain Kercha   
Oum el bouaghi ;4360;El Harmilia   
Oum el bouaghi ;4365;Hanchir Toumghani
Batna ;5000;Batna
Batna ;5100;Tazoult
Batna ;5110;Fesdis
Batna ;5111;Bouilef Fesdis   
Batna ;5112;Cite des Freres Benchadi  
Batna ;5120;Oued Chaaba   
Batna ;5121;Hamla
Batna ;5130;Timgad
Batna ;5131;Sidi Maniar   
Batna ;5140;Ouyoun El Assafir  
Batna ;5200;Arris
Batna ;5201;Bellihoud
Batna ;5202;T'zouket
Batna ;5221;El Hadjadj   
Batna ;5222;Medina
Batna ;5230;Foum Toub   
Batna ;5240;Inoughissen
Batna ;5250;T'kout
Batna ;5252;Kef Laarous   
Batna ;5253;Chennaoura
Batna ;5254;Sidi Ali   
Batna ;5255;Rhoufi
Batna ;5256;Tifelfel
Batna ;5270;Ghassira
Batna ;5281;Tibikaouine
Batna ;5300;Merouana
Batna ;5301;El Ksar   
Batna ;5321;M'cil
Batna ;5330;Talkhempt
Batna ;5340;Oued el Maa  
Batna ;5360;Seriana
Batna ;5361;Draa el Gbor  
Batna ;5362;Taga
Batna ;5380;Ain Djasser   
Batna ;5381;Ain el Beida  
Batna ;5382;Theniet Sedra   
Batna ;5383;Zana
Batna ;5395;Hidoussa
Batna ;5396;R'hawat
Batna ;5400;Barika
Batna ;5401;Ouled Derradji   
Batna ;5410;Ouled Ammar   
Batna ;5421;Metkaouak
Batna ;5430;M'doukel
Batna ;5440;Bitam
Batna ;5441;Ouled Aiche   
Batna ;5450;Djezzar
Batna ;5500;Ain Touta   
Batna ;5501;Beni Makhlouf   
Batna ;5501;Ras el Ma  
Batna ;5502;Laadjalat
Batna ;5510;Ouled Aouf   
Batna ;5520;Maafa
Batna ;5530;Beni Foudala   
Batna ;5540;Seggana
Batna ;5541;Tazaghet
Batna ;5600;N'gaous
Batna ;5601;Fenarou
Batna ;5602;Tifrene
Batna ;5610;Sefiane
Batna ;5620;Boummaguer
Batna ;5630;Ras el Aioun  
Batna ;5640;Rahbat
Batna ;5650;Guigba
Batna ;5660;Taxlent
Batna ;5661;Tinibaouine
Batna ;5670;Lemcen
Batna ;5680;Ouled Slimane   
Batna ;5681;Djeriat
Batna ;5682;Tarf
Batna ;5690;Gosbat
Batna ;5700;Teniet El Abed  
Batna ;5701;Baali
Batna ;5702;T'letz
Batna ;5703;Chir
Batna ;5704;Ouled Azzouz   
Batna ;5710;Nouader
Batna ;5720;Menaa
Batna ;5721;Amentane
Batna ;5722;Aoughanime
Batna ;5723;Nara
Batna ;5724;Ouarka
Batna ;5740;Bouzina
Batna ;5741;Mezeline
Batna ;5742;Taggoust el Hamra  
Batna ;5750;Tigharghar
Batna ;5760;Oued Taga   
Batna ;5761;Ali Gader   
Batna ;5762;Baiou
Batna ;5800;El Madher   
Batna ;5810;Boumia
Batna ;5811;Ain Romane   
Batna ;5820;Djerma
Batna ;5821;Sidi Khiar   
Batna ;5830;Chemmora
Batna ;5831;El Kouachia   
Batna ;5840;Boulhilat
Batna ;5851;Touffana
Batna ;5852;Legrine
Batna ;5853;Bou el Freis  
Batna ;5860;Ain Yagout   
Batna ;5861;Draa Boultif
Bijaia ;6000;Bijaia
Bijaia ;6001;Amtik N'tafat   
Bijaia ;6100;Tichi
Bijaia ;6101;Taguemont
Bijaia ;6120;Oued Ghir   
Bijaia ;6121;Mellala
Bijaia ;6130;Aokas
Bijaia ;6131;Ifalene
Bijaia ;6132;Akkar
Bijaia ;6140;Tizi N'berber   
Bijaia ;6210;Ighram
Bijaia ;6231;Ighzer Amokrane   
Bijaia ;6240;Ighil Ali   
Bijaia ;6241;Tizi Alouane   
Bijaia ;6251;Guendouze
Bijaia ;6260;Boudjellil
Bijaia ;6261;Beni Mansour   
Bijaia ;6270;Tazmalt
Bijaia ;6271;Beniouamar
Bijaia ;6280;Beni Mellikeche   
Bijaia ;6290;Bouhamza
Bijaia ;6300;Amizour
Bijaia ;6301;Taddert Tamokrant   
Bijaia ;6310;El Kseur   
Bijaia ;6311;Garet
Bijaia ;6320;Barbacha
Bijaia ;6321;Khellil
Bijaia ;6322;Sidi Ali   
Bijaia ;6330;Feraoun
Bijaia ;6340;Toudja
Bijaia ;6350;Semaoun
Bijaia ;6351;Aghbala
Bijaia ;6352;Aourir Adjissa   
Bijaia ;6353;Ighil N'sebt   
Bijaia ;6354;Semaoun (Chemini)   
Bijaia ;6371;Tizi N'tindjit   
Bijaia ;6401;Adekar Kebouche   
Bijaia ;6402;Kiria
Bijaia ;6403;Tizi Ougueni   
Bijaia ;6411;Akfadou
Bijaia ;6411;Tizamourine
Bijaia ;6412;Sillal
Bijaia ;6421;Assam
Bijaia ;6431;Djeblaa
Bijaia ;6432;Tizi el Korn  
Bijaia ;6500;Seddouk
Bijaia ;6501;Immoula
Bijaia ;6511;Akourma
Bijaia ;6512;Bouhitem
Bijaia ;6520;Tamokra
Bijaia ;6530;Beni Maouche   
Bijaia ;6531;Aguemoune Beni Khiar  
Bijaia ;6532;Ait Adjissa   
Bijaia ;6540;Sidi-Said
Bijaia ;6600;Kherrata
Bijaia ;6601;Adjioun
Bijaia ;6621;Bordj-Mira
Bijaia ;6622;Ait Idriss   
Bijaia ;6630;Ait Smail   
Bijaia ;6631;Tergregt
Bijaia ;6640;Darguina
Bijaia ;6641;El Alem   
Bijaia ;6650;Tamridjet
Bijaia ;6660;Souk El Tinine  
Bijaia ;6700;Sidi Aich   
Bijaia ;6710;Leflaye
Bijaia ;6720;Tinabdher
Bijaia ;6730;Tibane
Bijaia ;6740;Sidi Ayad   
Bijaia ;6751;Akabiou
Bijaia ;6752;Ighil Outouaf   
Bijaia ;6761;Tala Tazert   
Bijaia ;6762;Timezrit il Matten  
Bijaia ;6770;Chemini
Bijaia ;6771;Takrietz
Bijaia ;6042;Tiliouacadi
Biskra ;7000;Biskra
Biskra ;7003;Biskra Air   
Biskra ;7004;Biskra el Alia  
Biskra ;7005;Biskra Star Melouk  
Biskra ;7006;Biskra Cite el Amal  
Biskra ;7100;El Outaya   
Biskra ;7101;Farfar
Biskra ;7110;Djemmorah
Biskra ;7111;Guedila
Biskra ;7120;Branis
Biskra ;7130;El Kantara   
Biskra ;7131;Ain Ghezzal   
Biskra ;7131;El Kantara les Gorges  
Biskra ;7140;Ain Zaatout   
Biskra ;7141;Tizi
Biskra ;7200;Sidi Okba   
Biskra ;7201;Seriana
Biskra ;7202;El Horaya   
Biskra ;7210;El Haouch   
Biskra ;7211;Sidi M'Hamed Moussa  
Biskra ;7220;Ain Naga   
Biskra ;7230;M'Chouneche
Biskra ;7231;Baniane
Biskra ;7240;M'Ziraa
Biskra ;7241;Tadjemout
Biskra ;7242;Sidi Mesmoudi   
Biskra ;7250;Zeribet El Oued  
Biskra ;7251;Bades
Biskra ;7252;Zeribet Hamed   
Biskra ;7260;El Feidh   
Biskra ;7261;El Oualadja   
Biskra ;7270;Chetma
Biskra ;7271;Droh
Biskra ;7280;Khangat Sidi Nadji  
Biskra ;7300;Tolga
Biskra ;7310;Lioua
Biskra ;7315;Oumache
Biskra ;7316;Zaatacha Ben Boulaid  
Biskra ;7317;Megloub
Biskra ;7321;Ain el Kerma  
Biskra ;7325;Ourlal
Biskra ;7330;M'Lili
Biskra ;7335;Mekhadma
Biskra ;7340;Foughala
Biskra ;7345;Bordj Ben Azzouz  
Biskra ;7350;El Ghrous   
Biskra ;7351;Mobar Mohamed   
Biskra ;7355;Bouchagroune
Biskra ;7360;Lichana
Biskra ;7400;Ouled Djellal   
Biskra ;7401;Ferfad Ali   
Biskra ;7402;Difel
Biskra ;7410;Doucen
Biskra ;7421;Besbes
Biskra ;7430;Sidi Khaled   
Biskra ;7431;Arich Hamoula   
Biskra ;7432;Sidi Khaled Drissi   Med    
Biskra ;7441;Chiaba
Biskra ;7451;Ras el Miaad  
Bechar ;8000;Bechar
Bechar ;8001;Ouakda
Bechar ;8002;Bechar Djedid   
Bechar ;8100;Beni Ounif   
Bechar ;8101;Rosf Taiba   
Bechar ;8110;Lahmar
Bechar ;8130;Boukais
Bechar ;8140;Kenadsa
Bechar ;8150;Meridja
Bechar ;8200;Abadla
Bechar ;8201;Djorf el Barda  
Bechar ;8202;Hassi Menounat   
Bechar ;8203;Guir Lotfi   
Bechar ;8210;Mechraa Houari Boumedienne  
Bechar ;8220;Erg Ferradj   
Bechar ;8230;Taghit
Bechar ;8240;Tabelbala
Bechar ;8300;Beni Abbes   
Bechar ;8301;Ougarta
Bechar ;8302;Zeghamra
Bechar ;8320;Igli
Bechar ;8321;Mazzer
Bechar ;8330;Kerzaz
Bechar ;8331;Guerzim
Bechar ;8340;Beni Ikhlef   
Bechar ;8350;El Ouata   
Bechar ;8360;Ouled Khoudir   
Bechar ;8370;Timoudi
Bechar ;8380;Ksabi
Blida;9000;Blida
Blida;9002;Sidi Kebir   
Blida;9003;Blida Derbali Ali  
Blida;9100;Ouled Yaich   
Blida;9101;Ouled Yaich Universiti  
Blida;9110;Chrea
Blida;9120;Bouarfa
Blida;9130;Beni Merad   
Blida;9200;El Affroun   
Blida;9201;Beni Mouimene   
Blida;9210;Mouzaia
Blida;9211;Beni Ghougrane   
Blida;9220;Ain Romana   
Blida;9230;Ouled El Alleug  
Blida;9231;Ben Salah   
Blida;9240;Beni Tamou   
Blida;9250;Chiffa
Blida;9251;Bordj Emir Abdelkader  
Blida;9252;Ahle el Oued   et Henia   
Blida;9253;Sidi Madani   
Blida;9260;Oued Djer   
Blida;9261;Souakhria
Blida;9300;Larbaa
Blida;9310;Souhane
Blida;9320;Meftah
Blida;9330;Djebabra
Blida;9340;Sidi Moussa   
Blida;9350;Bougara
Blida;9351;Beni Missera   
Blida;9360;Hammam Melouane   
Blida;9370;Ouled Selama   
Blida;9400;Boufarik
Blida;9402;Sidi Aid   
Blida;9403;Ben Hamdani   
Blida;9410;Tassala el Merdja  
Blida;9420;Beni Khellil   
Blida;9430;Birtouta
Blida;9440;Ouled Chebel   
Blida;9450;Bouinan
Blida;9451;Amroussa
Blida;9452;Mellaha
Blida;9460;Chebli
Blida;9470;Soumaa
Blida;9471;Hallouya
Blida;9480;Guerrouaou
Bouira ;10000;Bouira
Bouira ;10002;Said Abid   
Bouira ;10100;M'chedallah
Bouira ;10110;Bezite
Bouira ;10120;Ain Turk   
Bouira ;10121;Zeboudja
Bouira ;10125;Ath Mansour   
Bouira ;10130;Hanif
Bouira ;10131;Ighil Nait Ameur  
Bouira ;10140;Saharidj
Bouira ;10145;Bechloul
Bouira ;10150;El Asnam   
Bouira ;10160;El Adjiba   
Bouira ;10167;Guentour
Bouira ;10167;Haizer
Bouira ;10168;Merkala
Bouira ;10170;Taghzout
Bouira ;10181;Zeriba
Bouira ;10182;Oued el Khemis  
Bouira ;10185;Ouled Rached   
Bouira ;10190;Chorfa
Bouira ;10191;Bahalil
Bouira ;10192;Takerboust
Bouira ;10196;Beni Hamdoune   
Bouira ;10200;Lakhdaria
Bouira ;10201;M'cid Zbarbora   
Bouira ;10210;Bouderbala
Bouira ;10211;Ouled Tchalabi   
Bouira ;10212;Sebt
Bouira ;10230;Guerrouma
Bouira ;10231;Ain Beida   
Bouira ;10240;Maala
Bouira ;10241;Zouabria
Bouira ;10242;Ouled Gacem   
Bouira ;10260;Kadiria
Bouira ;10261;Ouled Lalem   
Bouira ;10262;Beggas
Bouira ;10270;Aomar
Bouira ;10271;Krarib
Bouira ;10272;Tizi Larbaa   
Bouira ;10280;Djebahia
Bouira ;10281;Lahguia
Bouira ;10300;Sour El-Ghozlane   
Bouira ;10301;Guelt Zerga   
Bouira ;10310;Dechmia
Bouira ;10340;Bordj Okhriss   
Bouira ;10341;Mesdour
Bouira ;10342;Ain Terzine   
Bouira ;10350;Taguedit
Bouira ;10351;Zebara
Bouira ;10370;Dirah
Bouira ;10380;Hadjera Zerga   
Bouira ;10390;Maamora
Bouira ;10400;Ain Bessem   
Bouira ;10401;Sidi Yahia   
Bouira ;10410;Ain Laloui   
Bouira ;10420;Souk el Khemis  
Bouira ;10430;El Madjene Lotfi  
Bouira ;10440;Bir Ghbalou   
Bouira ;10441;El Khabouzia   
Bouira ;10460;Raouraoua
Bouira ;10470;El Hachimia   
Bouira ;10471;Hammam Ksenna   
Bouira ;10480;Ain El Hadjar  
Bouira ;10490;Oued el Berdi  
Bouira ;10491;Ouled Guerma
Tamanghasset ;11000;Tamanghasset
Tamanghasset ;11001;Amsel
Tamanghasset ;11100;In Amguel   
Tamanghasset ;11110;Ideles
Tamanghasset ;11120;Abalessa
Tamanghasset ;11121;Silet
Tamanghasset ;11130;In Guezzam   
Tamanghasset ;11140;Tazrouk
Tamanghasset ;11150;Tin Zaouatine   
Tamanghasset ;11200;In Salah   
Tamanghasset ;11201;Hassi Lahdjar   
Tamanghasset ;11202;Igostene
Tamanghasset ;11203;Sahla el Fougania  
Tamanghasset ;11210;In Ghar   
Tamanghasset ;11220;Fougaret ez Zouia  
Tamanghasset ;11221;Fougaret Larab
Tibessa ;12000;Tibessa
Tibessa ;12001;Brahmia Ahcene   
Tibessa ;12002;Djebel Annoual   
Tibessa ;12100;El Kouif   
Tibessa ;12101;Kissa
Tibessa ;12102;Dyr
Tibessa ;12103;Toualbia
Tibessa ;12110;Hammamet
Tibessa ;12112;Halloufa
Tibessa ;12130;Bekkaria
Tibessa ;12140;Lahouidjebet
Tibessa ;12150;Boulhaf
Tibessa ;12160;El Ma Labiodh  
Tibessa ;12200;Bir el-Ater   
Tibessa ;12201;Ain Zeguiegue   
Tibessa ;12210;El Ogla el   Malha    
Tibessa ;12220;Oum Ali   
Tibessa ;12231;Bir el Ouesra  
Tibessa ;12240;Negrine
Tibessa ;12250;Ferkane
Tibessa ;12300;El Aouinet   
Tibessa ;12310;Boukhadra
Tibessa ;12311;Mesloula
Tibessa ;12320;Ain Zerga   
Tibessa ;12330;El Meridj   
Tibessa ;12340;Morsott
Tibessa ;12341;Toricha
Tibessa ;12350;Ouenza
Tibessa ;12351;Ain Sidi Salah  
Tibessa ;12400;Cheria
Tibessa ;12410;Tlidjene
Tibessa ;12413;Guentis
Tibessa ;12415;Ain Ghrab   
Tibessa ;12420;Bir Mokkadem   
Tibessa ;12421;Tazbent
Tibessa ;12440;El Ogla   
Tibessa ;12460;Bedjene
Tlemcen ;13000;Tlemcen
Tlemcen ;13016;Mansourah (Tlemcen)   
Tlemcen ;13111;Ain el Houtz  
Tlemcen ;13120;Beni Mester   
Tlemcen ;13121;Zelboun
Tlemcen ;13125;Terni
Tlemcen ;13130;Ain Ghoraba   
Tlemcen ;13140;Ouled Mimoun   
Tlemcen ;13150;Ain Tellout   
Tlemcen ;13151;Ain Nekrouf   
Tlemcen ;13022;Ain Fezza   
Tlemcen ;13180;Bensekrane
Tlemcen ;13181;Djerba Chelaida   
Tlemcen ;13182;Sidi Senoussi   
Tlemcen ;13185;Amieur
Tlemcen ;13190;Sidi Abdelli   
Tlemcen ;13200;Sebdou
Tlemcen ;13210;Aricha
Tlemcen ;13211;El Aouedj   
Tlemcen ;13220;El Gor   
Tlemcen ;13230;Beni Snous   
Tlemcen ;13231;Khemis
Tlemcen ;13241;Tleta
Tlemcen ;13250;Beni Bahdel   
Tlemcen ;13260;Sidi Djillali   
Tlemcen ;13261;Debbagh Magoura   
Tlemcen ;13262;El Abed   
Tlemcen ;13300;Maghnia
Tlemcen ;13301;Akid Lofti   
Tlemcen ;13302;Ain Zana Chebikla  
Tlemcen ;13310;Sabra
Tlemcen ;13320;Hammam Boughrara   
Tlemcen ;13321;Maaziz
Tlemcen ;13322;Sidi Mechhour   
Tlemcen ;13330;Sidi Medjahed   
Tlemcen ;13350;Bouhlou
Tlemcen ;13401;El Bor   
Tlemcen ;13402;Djemma Sekhra   
Tlemcen ;13410;Dar Yaghmouracene   
Tlemcen ;13420;Souahlia
Tlemcen ;13421;Mezaourou Sidi Brahim  
Tlemcen ;13430;Tianet
Tlemcen ;13440;Marsa Ben M'Hidi  
Tlemcen ;13441;Arbouz
Tlemcen ;13442;Boukanoun
Tlemcen ;13460;Bab el Assa  
Tlemcen ;13470;Souani
Tlemcen ;13480;Souk Thleta   
Tlemcen ;13500;Remchi
Tlemcen ;13510;Ain Youcef   
Tlemcen ;13520;El Fehoul   
Tlemcen ;13530;Sebaa Chioukh   
Tlemcen ;13540;Beni Ouarsous   
Tlemcen ;13541;Sidi Bendiaf   
Tlemcen ;13550;Hennaya
Tlemcen ;13551;Ouled Kadda   
Tlemcen ;13560;Ouled Riah   
Tlemcen ;13580;Honaine
Tlemcen ;13590;Souk el Khemis  
Tlemcen ;13591;Sidi Driss   
Tlemcen ;13600;Nedroma
Tlemcen ;13601;Khoriba
Tlemcen ;13610;Ain Kebira   
Tlemcen ;13620;Fellaoucene
Tlemcen ;13621;Boutrak
Tlemcen ;13640;Djebala
Tlemcen ;13641;Zekri Moussa Adjaidja  
Tiaret ;14000;Tiaret
Tiaret ;14001;Karman
Tiaret ;14100;Dahmouni
Tiaret ;14101;Ain Meriem   
Tiaret ;14110;Ain Bouchekif   
Tiaret ;14115;Guertoufa
Tiaret ;14116;Temda
Tiaret ;14120;Tagdempt
Tiaret ;14125;Mellakou
Tiaret ;14126;Ain Si Mesbah  
Tiaret ;14130;Rahouia
Tiaret ;14135;Djillali Ben Amar  
Tiaret ;14140;Sidi Ali Mellal  
Tiaret ;14145;Mechraa Safa   
Tiaret ;14150;Oued Lili   
Tiaret ;14155;Tidda
Tiaret ;14160;Sidi Hosni   
Tiaret ;14165;Meghila
Tiaret ;14175;Mahdia
Tiaret ;14176;Si Haoues   
Tiaret ;14180;Ain Sebain   
Tiaret ;14185;Hamadia
Tiaret ;14190;Bougara
Tiaret ;14191;Ouarsenis el Beida  
Tiaret ;14200;Sougueur
Tiaret ;14201;Nador Menaouar   
Tiaret ;14210;Tousnina
Tiaret ;14220;Chehaima
Tiaret ;14230;Ain Deheb   
Tiaret ;14240;Naima
Tiaret ;14250;Medrissa
Tiaret ;14300;Ksar Chellala   
Tiaret ;14310;Rechaiga
Tiaret ;14320;Serghine
Tiaret ;14330;Z'Malet Emi Abdelkader  
Tiaret ;14340;Ain Zarit   
Tiaret ;14341;Dayet Terfes   
Tiaret ;14360;Si Abdelghani   
Tiaret ;14400;Frenda
Tiaret ;14411;Louhou
Tiaret ;14430;Ain Kermes   
Tiaret ;14431;Djebilet Rosfa   
Tiaret ;14460;Ouled Djerad   
Tiaret ;14470;Ain El Hadid  
Tiaret ;14480;Takhemaret
Tizi-Ouzou ;15000;Tizi Ouzou   
Tizi-Ouzou ;15001;Alma Beni Zmenzer  
Tizi-Ouzou ;15002;Boukhalfa
Tizi-Ouzou ;15003;Kemmouda
Tizi-Ouzou ;15004;Ait Hessane   
Tizi-Ouzou ;15005;Bouhinoun
Tizi-Ouzou ;15006;Redjaouna
Tizi-Ouzou ;15007;Tala Athmane   
Tizi-Ouzou ;15008;Tizi-Ouzou Chikhi   
Tizi-Ouzou ;15009;Timizar Loghbar   
Tizi-Ouzou ;15010;Tizi-Ouzou Anane Rabah  
Tizi-Ouzou ;15100;Drai Ben Khedda  
Tizi-Ouzou ;15101;Menacera
Tizi-Ouzou ;15102;Zeboudj Kara   
Tizi-Ouzou ;15110;Tirmitine
Tizi-Ouzou ;15120;Sidi Naamane   
Tizi-Ouzou ;15018;Tadmait
Tizi-Ouzou ;15141;Sidi Ali Bounab  
Tizi-Ouzou ;15151;Souk el Khemis  
Tizi-Ouzou ;15152;Berkouka
Tizi-Ouzou ;15153;Tizi Lilane   
Tizi-Ouzou ;15154;Tizi T'zougart   
Tizi-Ouzou ;15160;Souk el T'nine  
Tizi-Ouzou ;15171;Ait Smadh   
Tizi-Ouzou ;15190;Beni Douala   
Tizi-Ouzou ;15191;Beni Aissi   
Tizi-Ouzou ;15191;Ighil Bouzerou   
Tizi-Ouzou ;15192;Ait Iddir   
Tizi-Ouzou ;15193;Taguemount Azouz   
Tizi-Ouzou ;15194;Taguemount Oukerrouche   
Tizi-Ouzou ;15200;Ain el Hammam  
Tizi-Ouzou ;15221;Koukou
Tizi-Ouzou ;15230;Akbil
Tizi-Ouzou ;15240;Yatafene
Tizi-Ouzou ;15241;Ait Saada   
Tizi-Ouzou ;15242;Ait Mislaine   
Tizi-Ouzou ;15243;Ait Ouabane   
Tizi-Ouzou ;15251;Tassaft
Tizi-Ouzou ;15260;Iferhounene
Tizi-Ouzou ;15261;Souk El Had  
Tizi-Ouzou ;15262;Agouni Ouadallah   
Tizi-Ouzou ;15263;Iboudraren
Tizi-Ouzou ;15285;Ouacif
Tizi-Ouzou ;15300;Azazga
Tizi-Ouzou ;15301;Ait Issad   
Tizi-Ouzou ;15310;Ifigha
Tizi-Ouzou ;15311;Moknea
Tizi-Ouzou ;15312;Ait Bouada   
Tizi-Ouzou ;15315;Azzefoun
Tizi-Ouzou ;15320;Ait Chafia   
Tizi-Ouzou ;15326;Iguer Mahdi   
Tizi-Ouzou ;15327;Ait Ikhlef   
Tizi-Ouzou ;15327;Bouzeguine
Tizi-Ouzou ;15328;Iguer Safene   
Tizi-Ouzou ;15329;Tahouna Tkdimt   
Tizi-Ouzou ;15340;Freha
Tizi-Ouzou ;15341;Tamda
Tizi-Ouzou ;15342;Tala Tegana   
Tizi-Ouzou ;15345;Aghrib
Tizi-Ouzou ;15350;Mekla
Tizi-Ouzou ;15351;Agouni Bouafir   
Tizi-Ouzou ;15352;Djemaa Saharidj   
Tizi-Ouzou ;15352;Tizi N'terga   
Tizi-Ouzou ;15355;Souamia
Tizi-Ouzou ;15361;El Klaa   
Tizi-Ouzou ;15365;Yakouren
Tizi-Ouzou ;15366;Tifrit Nait el   Hadj    
Tizi-Ouzou ;15367;Chebel
Tizi-Ouzou ;15368;Tigounatine
Tizi-Ouzou ;15370;Akerrou
Tizi-Ouzou ;15375;Timizar
Tizi-Ouzou ;15376;Abizar
Tizi-Ouzou ;15377;Azarazene
Tizi-Ouzou ;15377;Izarazene
Tizi-Ouzou ;15378;Agouni Ouzaraz   
Tizi-Ouzou ;15380;Zekri
Tizi-Ouzou ;15390;Illoula Oumalou   
Tizi-Ouzou ;15391;Boubhir
Tizi-Ouzou ;15400;Draa el Mizan  
Tizi-Ouzou ;15401;Bou Mahni   
Tizi-Ouzou ;15402;Tafoughalt
Tizi-Ouzou ;15403;Henia
Tizi-Ouzou ;15404;Ichoukrene
Tizi-Ouzou ;15405;Mezrara
Tizi-Ouzou ;15406;Tazerout
Tizi-Ouzou ;15410;Frikat
Tizi-Ouzou ;15420;Ain Zaouia   
Tizi-Ouzou ;15425;Boghni
Tizi-Ouzou ;15426;Beni Mendes   
Tizi-Ouzou ;15427;Beni Kouffi   
Tizi-Ouzou ;15431;Ait Idja   
Tizi-Ouzou ;15440;Mechtras
Tizi-Ouzou ;15445;Bounouh
Tizi-Ouzou ;15450;Ouadhia
Tizi-Ouzou ;15451;Ait Abdelkrim   
Tizi-Ouzou ;15452;Ait Abdelmoumene   
Tizi-Ouzou ;15460;Ait Bouadou   
Tizi-Ouzou ;15465;Agouni Gueghrane   
Tizi-Ouzou ;15466;Ait Ergane   
Tizi-Ouzou ;15470;Tizi N'Tleta   
Tizi-Ouzou ;15471;Cheurfa n'Bahloul   
Tizi-Ouzou ;15480;Tizi Ghenif   
Tizi-Ouzou ;15481;Adila Tamdikht   
Tizi-Ouzou ;15482;M'kira
Tizi-Ouzou ;15482;Tighilt Bougheni   
Tizi-Ouzou ;15483;Ouled Itchir   
Tizi-Ouzou ;15484;Ouled Meriem   
Tizi-Ouzou ;15486;Bouhadj
Tizi-Ouzou ;15487;Taqa
Tizi-Ouzou ;15490;Oued Ksari   
Tizi-Ouzou ;15500;Larbaa Nath Irathen  
Tizi-Ouzou ;15501;Azouza
Tizi-Ouzou ;15502;Ighil Guefri   
Tizi-Ouzou ;15503;Ait Frah   
Tizi-Ouzou ;15504;Taourirt Amokrane   
Tizi-Ouzou ;15505;Ait Oumalou   
Tizi-Ouzou ;15510;Ait Aggouacha   
Tizi-Ouzou ;15530;Beni-yenni
Tizi-Ouzou ;15540;Irdjen
Tizi-Ouzou ;15550;Tizi Rached   
Tizi-Ouzou ;15551;Tala Amara   
Tizi-Ouzou ;15600;Tigzirt
Tizi-Ouzou ;15601;Ait Said   
Tizi-Ouzou ;15602;Tifra
Tizi-Ouzou ;15603;Azroubar
Tizi-Ouzou ;15604;Tala Toghrast   
Tizi-Ouzou ;15621;Tikobain
Tizi-Ouzou ;15622;Agouni Oufekous   
Tizi-Ouzou ;15622;Akaoudj
Tizi-Ouzou ;15623;Djebla
Tizi-Ouzou ;15624;Tahanouts
Tizi-Ouzou ;15630;Boudjima
Tizi-Ouzou ;15640;Djebel Aissa Mimoun  
Tizi-Ouzou ;15650;Iflissen
Tizi-Ouzou ;15651;Taksebt
Tizi-Ouzou ;15652;Ait Youcef   
Tizi-Ouzou ;15660;Makouda
Tizi-Ouzou ;15661;Attouche
Tizi-Ouzou ;15662;Tala Bouzrou   
Tizi-Ouzou ;15663;Tazrart
Tizi-Ouzou ;15664;Stita
Alger ;16000;Alger centre   
Alger ;16001;Alger Port Said  
Alger ;16002;Alger Colis Postaux  
Alger ;16002;Cheraga
Alger ;16003;Alger Premier novembre  
Alger ;16004;Alger RP   
Alger ;16005;Alger Ferhat Boussad  
Alger ;16006;Alger Bouzareah   
Alger ;16006;Alger Didouche Mourad  
Alger ;16007;Alger Ali Basta  
Alger ;16008;Alger Ahcene Askri  
Alger ;16009;Alger Bab-el-Oued   
Alger ;16010;Alger Malika Gaid  
Alger ;16011;Alger Rostomia   
Alger ;16012;Alger Said Hamdine  
Alger ;16012;Rouiba
Alger ;16013;Alger Cheques Postaux  
Alger ;16014;Alger Sidi M'hamed  
Alger ;16015;Alger el Annassers  
Alger ;16016;Alger Premier Mai  
Alger ;16017;Alger Haute Casbah  
Alger ;16018;Alger Tarik ibn   Ziad    
Alger ;16019;Alger el Kettani  
Alger ;16020;Alger el Marsa  
Alger ;16021;Alger Khelifa Boukhalfa  
Alger ;16022;Alger Asselah Hocine  
Alger ;16023;Alger APN   
Alger ;16024;Alger C.H.U. Mustapha  
Alger ;16025;Alger et Thaalabi  
Alger ;16026;Alger Mohamed V  
Alger ;16027;Alger Sept Merveilles  
Alger ;16028;Alger Palais du   Peuple    
Alger ;16035;Hydra
Alger ;16039;Ain Taya   
Alger ;16040;Hussein Dey   
Alger ;16041;Hussein Dey Djenki   Hacene    
Alger ;16049;Douera
Alger ;16050;Kouba
Alger ;16051;Kouba Garidi   
Alger ;16052;Kouba el Annasser  
Alger ;16058;Mohammadia
Alger ;16060;Bains Romains   
Alger ;16061;Cap Caxine   
Alger ;16070;El Mouradia   
Alger ;16075;El Madania   
Alger ;16076;Alger Riad el   Feth    
Alger ;16077;Alger Diar el   Mahcoul    
Alger ;16080;Rais Hamidou   
Alger ;16090;Bologhine
Alger ;16094;Ouled Fayet   
Alger ;16100;Dar El Beida  
Alger ;16101;Alger Airoport   
Alger ;16102;Alger Airoport EMS  
Alger ;16105;Alger Birkhadem   
Alger ;16110;Bab Ezzouar   
Alger ;16111;El Alia   
Alger ;16112;Reghaia
Alger ;16120;Bordj el Kiffan  
Alger ;16121;Dergana
Alger ;16122;Bordj el Kiffan   Faizi    
Alger ;16123;Alger U.S.T.H.B.   
Alger ;16131;El Harrach 5   Maisons    
Alger ;16132;Alger Palais des   Expos    
Alger ;16200;El Harrach   
Alger ;16206;Beni Messous   
Alger ;16210;Baraki
Alger ;16220;Les Eucalyptus   
Alger ;16230;Bachedjarah
Alger ;16231;Hussein-Dey-Hai el Badr  
Alger ;16260;Djasr Kasentina   
Alger ;16261;Kouba Gue de   Constantine    
Alger ;16270;Oued Smar   
Alger ;16300;Bir Mourad Rais  
Alger ;16320;Dely Ibrahim   
Alger ;16330;Birkhadem
Alger ;16331;Ain Nadja   
Alger ;16340;Bouzareah
Alger ;16341;Bouzareah Ali Remli  
Alger ;16341;El Hamadia   
Alger ;16342;Bouzareah el Hamadia  
Alger ;16403;El Achour   
Alger ;16606;El Biar
Djelfa ;17000;Djelfa
Djelfa ;17100;El Idrissia   
Djelfa ;17101;Oum Cheggag   
Djelfa ;17110;El Guedid   
Djelfa ;17120;Charef
Djelfa ;17121;El Hammam   
Djelfa ;17122;Touazi
Djelfa ;17130;Beni Yacoub   
Djelfa ;17200;Ain Oussera   
Djelfa ;17210;Guernini
Djelfa ;17215;Sidi Ladjel   
Djelfa ;17220;Hassi Fedoul   
Djelfa ;17225;El Khemis   
Djelfa ;17230;Birine
Djelfa ;17231;Dra Souary   
Djelfa ;17235;Benhar
Djelfa ;17240;Had-Sahary
Djelfa ;17245;Bouira Lahdab   
Djelfa ;17250;Ain Fekka   
Djelfa ;17300;Hassi Bahbah   
Djelfa ;17301;Mouilah
Djelfa ;17302;El Mesrane   
Djelfa ;17304;Hassi el Mora  
Djelfa ;17310;Zaafrane
Djelfa ;17320;Hassi el Euch  
Djelfa ;17330;Ain Maabed   
Djelfa ;17340;Dar Chioukh   
Djelfa ;17341;Guendouza
Djelfa ;17342;El Oguila   
Djelfa ;17343;El Merdja   
Djelfa ;17350;M'Liliha
Djelfa ;17360;Sidi Baizid   
Djelfa ;17400;Messaad
Djelfa ;17401;Abdelmadjid
Djelfa ;17402;Haniet Ouled Salem  
Djelfa ;17410;Guettara
Djelfa ;17415;Deldoul
Djelfa ;17420;Sed Rahal   
Djelfa ;17425;Selmana
Djelfa ;17426;El Gahra   
Djelfa ;17430;Oum Laadham   
Djelfa ;17435;Mouadjebar
Djelfa ;17440;Ain el Ibel  
Djelfa ;17441;Amera
Djelfa ;17442;N'thila
Djelfa ;17443;Oued Seddeur   
Djelfa ;17445;Zaccar
Djelfa ;17450;Douis
Djelfa ;17455;Ain Chouhada   
Djelfa ;17460;Tadmit
Djelfa ;17461;El Hiouhi   
Djelfa ;17465;Faidh el Botma  
Djelfa ;17470;Amourah
Jijel ;18000;Jijel
Jijel ;18001;Chadia
Jijel ;18002;Bouhanche Beni Ahmed  
Jijel ;18003;Ouled Taffer   
Jijel ;18100;Texenna
Jijel ;18101;Mourghane
Jijel ;18102;Khennak Oum el   Hout    
Jijel ;18103;Dar ben Amar  
Jijel ;18104;Metletine
Jijel ;18110;Ziama Mansouriah   
Jijel ;18113;Bordj Ali   
Jijel ;18114;Tabirt
Jijel ;18120;Eraguene
Jijel ;18121;Ain Lebna   
Jijel ;18122;Assoumar
Jijel ;18130;El Aouna   
Jijel ;18131;El Merdj   
Jijel ;18132;Beni Ketit   
Jijel ;18140;Selma
Jijel ;18150;Kaous
Jijel ;18161;Beni Affeur   
Jijel ;18162;El Maad   
Jijel ;18170;Beni Yadjis   
Jijel ;18170;Boudria Beni Yadjis  
Jijel ;18200;Taher
Jijel ;18201;Dekkara
Jijel ;18202;Bazoul
Jijel ;18220;Emir Abdelkader   
Jijel ;18230;Chahna
Jijel ;18231;Boutenache
Jijel ;18240;Ouled Askeur   
Jijel ;18241;Menazel
Jijel ;18250;Chekfa
Jijel ;18251;Boudekak Adouir   
Jijel ;18252;Sbet
Jijel ;18260;Bordj Tahar   
Jijel ;18270;Sidi Abdelaziz   
Jijel ;18271;El Kaada   
Jijel ;18272;Tisbilaine
Jijel ;18300;El Milia   
Jijel ;18301;Mazer
Jijel ;18302;M'chatt
Jijel ;18311;Ouled Yahia Khadrouche  
Jijel ;18312;Ouled Aouat   
Jijel ;18320;Sidi Maarouf   
Jijel ;18321;El Kennar   
Jijel ;18322;El Akbia   
Jijel ;18323;Ghezala
Jijel ;18331;El Khennak   
Jijel ;18332;Laraba
Jijel ;18340;Settara
Jijel ;18350;Ghebala M'cid Aicha  
Jijel ;18351;El Aoudia   
Jijel ;18360;El Ancer   
Jijel ;18361;Belghimouze
Jijel ;18362;Beni Belaid   
Jijel ;18363;Maharka
Jijel ;18364;Ouled Boufaha   
Jijel ;18365;Ouled Chebana   
Jijel ;18380;Belhadef
Jijel ;18381;Beni Mimoune
Setif ;19000;Setif
Setif ;19002;El Anasser Base  
Setif ;19003;Fermatou
Setif ;19004;Douar Fermatou   
Setif ;19100;Ain Arnat   
Setif ;19101;Khalfoun
Setif ;19103;El Hachichia   
Setif ;19104;El Mahdia   
Setif ;19110;Ain Abessa   
Setif ;19111;Bouira
Setif ;19111;El Hammam   
Setif ;19112;Mahouan
Setif ;19120;El Ouricia   
Setif ;19130;Mezloug
Setif ;19200;Ain Oulmane   
Setif ;19201;Guellal
Setif ;19203;Melloul
Setif ;19220;Ksar el Abtal  
Setif ;19221;Kherba
Setif ;19221;Ouled Mehalla   
Setif ;19225;Ouled Si Ahmed  
Setif ;19230;Ain Lahdjar   
Setif ;19231;Ain Remada   
Setif ;19245;Ain Azal   
Setif ;19246;Hamma Boutaleb   
Setif ;19250;Boutaleb
Setif ;19261;Addaoua
Setif ;19265;Guijel
Setif ;19266;Bendieb
Setif ;19266;Bir Labiod   
Setif ;19280;Salah Bey   
Setif ;19281;Ras Isly   
Setif ;19285;Ouled Tebben   
Setif ;19300;Bougaa
Setif ;19310;Ain Roua   
Setif ;19331;El Hadra   
Setif ;19340;Guenzet
Setif ;19341;Kourdjana
Setif ;19342;Dar el Hadj  
Setif ;19342;Meguerba
Setif ;19351;Tittest
Setif ;19361;Ouled Ali ben   Athmane    
Setif ;19370;Maouaklane
Setif ;19371;Bouamrane
Setif ;19400;Ain El Kebira  
Setif ;19401;Souk el Khmeis  
Setif ;19421;Ouled Maiza   
Setif ;19430;Beni Aziz   
Setif ;19432;Akrif Bnourdim   
Setif ;19440;Ain Sebt   
Setif ;19450;Maaouia
Setif ;19461;Souk el Djemaa  
Setif ;19462;Cherufa
Setif ;19471;Bida
Setif ;19480;Amoucha
Setif ;19490;Tizi N'Bechar   
Setif ;19495;Oued el Berd  
Setif ;19500;Boandas
Setif ;19511;Izatitene
Setif ;19540;Tala Ifacene   
Setif ;19542;Oued Sebt   
Setif ;19543;Ain Mergoum   
Setif ;19600;El Eulma   
Setif ;19601;Goutali
Setif ;19620;Beni Fouda   
Setif ;19625;Oum Ladjoul   
Setif ;19626;Hammam Sokhna   
Setif ;19630;Taya
Setif ;19640;Beidha Bordj   
Setif ;19650;Bir El Arch  
Setif ;19660;Belaa
Setif ;19670;El Ouldja   
Setif ;19675;Bazer Sakhra   
Setif ;19676;El Mellah Hamouchi  
Setif ;19680;Djemila
Setif ;19681;El Merdja   
Setif ;19700;Beni Ourtilane   
Setif ;19701;Arassa
Setif ;19710;Beni Chebana   
Setif ;19711;Tarfet
Setif ;19720;Ain legradj   
Setif ;19721;Beni Hadef   
Setif ;19730;Beni Mohli
Saida ;20000;Saida
Saida ;20001;Boukhors
Saida ;20002;Saida en-Nasr   
Saida ;20100;Ain el Hadjar  
Saida ;20101;Madjene Oued Falette  
Saida ;20102;Oued Berbour   
Saida ;20103;Sidi M'barek   
Saida ;20110;Moulay Larbi   
Saida ;20121;Fidjel
Saida ;20131;Ain Teghat   
Saida ;20132;Rebahia
Saida ;20133;Hammam Rabbi   
Saida ;20134;Ain Zerga   
Saida ;20140;Ain Soltane   
Saida ;20150;Youb
Saida ;20151;Khelifa Maata   
Saida ;20152;Hassi el Abed  
Saida ;20161;Hounet
Saida ;20170;Sidi Boubekeur   
Saida ;20180;Sidi Amar   
Saida ;20181;Cherki Sidi Aissa  
Saida ;20201;Oum Djerane   
Saida ;20202;Dhaiet Zraguet   
Saida ;20203;Tamesna
Saida ;20210;Maamora
Saida ;20221;Balloul
Saida ;20222;Khourichfa
Saida ;20223;Touta
Saida ;20035;Tircine
Saida ;20241;Friouat Morghad   
Saida ;20241;Khalfallah
Saida ;20242;Sfid
Saida ;20250;Ain Sekhouna
Skikda ;21000;Skikda
Skikda ;21001;Stora
Skikda ;21003;Hamoudi Hamrouche   
Skikda ;21004;Oued Ksob   
Skikda ;21100;Filfila
Skikda ;21101;Les Platanes   
Skikda ;21110;Hamadi Krouma   
Skikda ;21120;Beni Bechir   
Skikda ;21130;El Hadaiek   
Skikda ;21140;Bouchetata Mahmoud   
Skikda ;21141;Oued Selsela   
Skikda ;21142;Bou Mendjel   
Skikda ;21150;Ain Zouit   
Skikda ;21200;Collo
Skikda ;21201;El Ouloudj   
Skikda ;21203;Hadjiria
Skikda ;21204;Ramoul
Skikda ;21210;Kerkera
Skikda ;21211;Bourghida
Skikda ;21216;Ali Charef   
Skikda ;21220;Zitouna
Skikda ;21221;Ain Aghbal   
Skikda ;21222;Tabalout
Skikda ;21225;Cheraia
Skikda ;21226;Tamanart
Skikda ;21230;Kanoua
Skikda ;21231;Affensou
Skikda ;21236;Mellab
Skikda ;21237;Bounoughra
Skikda ;21238;Oued Djebel   
Skikda ;21239;Siouane
Skikda ;21241;El Ouldja   
Skikda ;21250;Ain Kechra   
Skikda ;21251;Beni Kadrissene   
Skikda ;21252;Boudoukha
Skikda ;21253;Hadjar Mefrouche   
Skikda ;21254;Tahouna
Skikda ;21265;Tamalous
Skikda ;21266;Ain Charaia   
Skikda ;21267;Ain Tabia   
Skikda ;21268;Demnia
Skikda ;21270;Bin El Ouiden  
Skikda ;21300;Azzaba
Skikda ;21301;Menzel Bendiche   
Skikda ;21303;Menzel El Abtal  
Skikda ;21310;Djendel Saadi Mohamed  
Skikda ;21311;Guerbes
Skikda ;21312;Ras el Ma  
Skikda ;21320;El Marsa   
Skikda ;21330;Ben Azouz   
Skikda ;21331;Boumaiza
Skikda ;21332;Tobeiga
Skikda ;21340;Es Sebt   
Skikda ;21350;Ain Charchar   
Skikda ;21351;Mekassa
Skikda ;21352;Oued El Kebir  
Skikda ;21360;Bekkouche Lakhdar   
Skikda ;21400;El Harrouch   
Skikda ;21401;Toumiettes
Skikda ;21403;Said Bousbaa   
Skikda ;21410;Zerdezas
Skikda ;21415;Ain Bouziane   
Skikda ;21420;El Ghedir   
Skikda ;21425;Ramdane Djamel   
Skikda ;21430;Emdjez Edchich   
Skikda ;21431;Djebel Staiha   
Skikda ;21432;Bouhalbes
Skikda ;21435;Salah Bouchaour   
Skikda ;21440;Sidi Mezghiche   
Skikda ;21441;Souk el Tleta  
Skikda ;21442;El Hamri   
Skikda ;21443;Mokhtita
Skikda ;21445;Beni Oulbane   
Skikda ;21450;Oum Toub   
Skikda ;21451;Sidi Kamber   
Skikda ;21452;Chaaba
Skikda ;21455;Ouled Hebaba   
Skikda ;21456;El Ghenzoua   
Skikda ;21457;Ain Slamat
Sidi Bel Abbis ;22000;Sidi Bel Abbis  
Sidi Bel Abbis ;22001;Sidi bel Abbes   Adim Fatiha   
Sidi Bel Abbis ;22002;Sidi bel Abbes   Chouhada    
Sidi Bel Abbis ;22003;Sidi bel Abbes   Khelladi    
Sidi Bel Abbis ;22004;Sidi bel Abbes   Larbi ben M'hidi  
Sidi Bel Abbis ;22005;Sidi-bel-Abbis 1er Novembre  
Sidi Bel Abbis ;22006;Sidi bel Abbes   Sakia el Hamra  
Sidi Bel Abbis ;22007;Sidi bel Abbes   Terre    
Sidi Bel Abbis ;22008;Sidi bel Abbes   Sidi Yacine   
Sidi Bel Abbis ;22100;Sidi Lahcene   
Sidi Bel Abbis ;22120;Sidi Yacoub Bentemine  
Sidi Bel Abbis ;22130;Sidi Khales   
Sidi Bel Abbis ;22140;Tessala
Sidi Bel Abbis ;22150;Ain Thrid   
Sidi Bel Abbis ;22180;Shal Thaoura   
Sidi Bel Abbis ;22190;Sidi Brahim   
Sidi Bel Abbis ;22200;Sfisef
Sidi Bel Abbis ;22210;Ain Adden   
Sidi Bel Abbis ;22220;Mostefa ben Brahim  
Sidi Bel Abbis ;22225;M'cid
Sidi Bel Abbis ;22230;Sidi Hamadouche   
Sidi Bel Abbis ;22235;Zerouala
Sidi Bel Abbis ;22240;Tenira
Sidi Bel Abbis ;22241;Tenezera
Sidi Bel Abbis ;22245;Benachiba Chelia   
Sidi Bel Abbis ;22250;Oued Sefioun   
Sidi Bel Abbis ;22255;Belarbi
Sidi Bel Abbis ;22256;Boumaad Tilmouni   
Sidi Bel Abbis ;22260;Hassi Dahou   
Sidi Bel Abbis ;22265;Ain El Berd  
Sidi Bel Abbis ;22270;Makedra
Sidi Bel Abbis ;22300;Ben Badis   
Sidi Bel Abbis ;22310;Sidi Ali Benyoub  
Sidi Bel Abbis ;22311;Belalia Yemloul   
Sidi Bel Abbis ;22320;Chetouane
Sidi Bel Abbis ;22330;Hassi Zahana   
Sidi Bel Abbis ;22340;Bedradine el Mokrani  
Sidi Bel Abbis ;22350;Sidi Ali Boussidi  
Sidi Bel Abbis ;22360;Lamtar
Sidi Bel Abbis ;22370;Sidi Dahou de   Zairs    
Sidi Bel Abbis ;22380;Boukhanafis
Sidi Bel Abbis ;22381;Khalidj
Sidi Bel Abbis ;22390;Tabia
Sidi Bel Abbis ;22400;Telagh
Sidi Bel Abbis ;22410;Merine
Sidi Bel Abbis ;22415;Oued Taourira   
Sidi Bel Abbis ;22420;Tafessour
Sidi Bel Abbis ;22430;Teghalimet
Sidi Bel Abbis ;22435;Mezaourou
Sidi Bel Abbis ;22440;Dhaya
Sidi Bel Abbis ;22445;Oued Sebaa   
Sidi Bel Abbis ;22450;Marhoum
Sidi Bel Abbis ;22455;Sidi Chaib   
Sidi Bel Abbis ;22460;Bir el H'man  
Sidi Bel Abbis ;22465;Ras el Ma  
Sidi Bel Abbis ;22470;Redjem Demouche   
Sidi Bel Abbis ;22475;Moulay Slissen   
Sidi Bel Abbis ;22485;El Haiaiba
Annaba ;23000;Annaba
Annaba ;23001;Annaba Amirouche   
Annaba ;23002;Annaba Menadia   
Annaba ;23003;Annaba Oued Kouba  
Annaba ;23004;Annaba Plaine Ouest   II    
Annaba ;23005;Annaba el Marsa  
Annaba ;23006;Annaba el Bouni  
Annaba ;23007;Annaba Belouizdad   
Annaba ;23008;Annaba Cite Didouche   Mourad    
Annaba ;23009;Annaba Cite Universitaire  
Annaba ;23010;Annaba el Malaha  
Annaba ;23011;Annaba Gare Routiere  
Annaba ;23012;Annaba Siderurgie   
Annaba ;23013;Annaba Sidi Salem  
Annaba ;23100;Berrahal
Annaba ;23101;Ouichaoua
Annaba ;23102;Tacha
Annaba ;23103;Oued Zied   
Annaba ;23120;Treat
Annaba ;23130;Chetaibi
Annaba ;23140;Seraudu
Annaba ;23141;Ain Barbar   
Annaba ;23200;El Hadjar   
Annaba ;23201;El Karma   
Annaba ;23211;Cite du 1er   Mai Kheraza   
Annaba ;23220;Sidi Amar   
Annaba ;23221;Hdjar Diss   
Annaba ;23222;El Gantra   
Annaba ;23230;Ain Berda   
Annaba ;23231;Menaouar Ain Sayd  
Annaba ;23232;Medhez Rassoul   
Annaba ;23240;Cheurfa
Annaba ;23250;Eulma
Annaba ;23251;Oued el Hout  
Guelma ;24000;Guelma
Guelma ;24100;Guelaat Boudbaa   
Guelma ;24110;Boumahra Ahmed   
Guelma ;24111;Bled Gaffar   
Guelma ;24121;Guelaat Fiala   
Guelma ;24125;Djeballah Khemissi   
Guelma ;24130;El Fedjoudj   
Guelma ;24140;Ain Hassainia   
Guelma ;24141;Ain Kharouba   
Guelma ;24145;Ben Djarah   
Guelma ;24150;Hammam Meskhoutine   
Guelma ;24151;Dahmoune Tahar   
Guelma ;24160;Medjez Amar   
Guelma ;24165;Belkheir
Guelma ;24170;Bouati Mahmoud   
Guelma ;24180;Heliopolis
Guelma ;24181;Hammam Ouled Ali  
Guelma ;24185;Ain Larbi   
Guelma ;24200;Bouchegouf
Guelma ;24210;Medjez Sfa   
Guelma ;24220;Hammam N'Bail   
Guelma ;24221;Nador
Guelma ;24231;Ain Souda   
Guelma ;24240;Bouhachana
Guelma ;24250;Oued Cheham   
Guelma ;24251;Ain Mebarka   
Guelma ;24270;Nechmaya
Guelma ;24280;Ain Ben Beida  
Guelma ;24281;Nouadria
Guelma ;24290;Oued Fragha   
Guelma ;24291;Boudaroua
Guelma ;24292;Boukamouza
Guelma ;24296;Ben Smih   
Guelma ;24300;Oued Zenati   
Guelma ;24301;Ksar el Azeb  
Guelma ;24310;Ras el Agba  
Guelma ;24320;Ain Reggada   
Guelma ;24331;Taya
Guelma ;24340;Bordj Sabat   
Guelma ;24350;Roknia
Guelma ;24360;Sellaoua Announa   
Guelma ;24370;Ain Makhlouf   
Guelma ;24380;Tamlouka
Guelma ;24381;Ain Arko
Constantine ;25000;Constantine   
Constantine ;25001;Constantine Cite Daksi  
Constantine ;25002;Constantine Coudiat   
Constantine ;25003;Constantine Sidi Mabrouk  
Constantine ;25004;Constantine Mansourah   
Constantine ;25005;Constantine RP   
Constantine ;25006;Constantine Cite des   Martyrs    
Constantine ;25007;Constantine Aouati Mostefa  
Constantine ;25008;Constantine Belouizdad   
Constantine ;25009;Constantine El Kantara  
Constantine ;25010;Constantine Chabersas   
Constantine ;25011;Constantine Cite Filali  
Constantine ;25012;Constantine Cite Ziadia  
Constantine ;25013;Constantine El Gamas  
Constantine ;25014;Constantine Loucif   
Constantine ;25015;Constantine Oued Hamimi  
Constantine ;25016;Constantine Saidani   
Constantine ;25017;Constantine Universiti   
Constantine ;25018;Constantine Wilaya   
Constantine ;25019;Constantine Zouaghi   
Constantine ;25020;Constantine Ain-el-Bey   
Constantine ;25022;Constantine Les Pins  
Constantine ;25023;Constantine 20 aoit   1955    
Constantine ;25024;Constantine Bellevue   
Constantine ;25100;El Khroub   
Constantine ;25101;El Gourzi   
Constantine ;25102;Ben Badis   
Constantine ;25103;Guettar el Aich  
Constantine ;25120;Ouled Rahmoune   
Constantine ;25130;Ain Abid   
Constantine ;25131;Bordj Meheris   
Constantine ;25132;Zehana
Constantine ;25133;Lamaamra Achrine Aout  
Constantine ;25140;Ain Smara   
Constantine ;25200;Zighoud Youcef   
Constantine ;25201;Sidi Larbi   
Constantine ;25210;Didouche Mourad   
Constantine ;25211;Beni Mestina   
Constantine ;25220;Beni Hamiden   
Constantine ;25230;Hamma Bouziane   
Constantine ;25231;Bekira
Constantine ;25232;Chaabet Medbouh   
Constantine ;25233;El Malah   
Constantine ;25234;Ain Ben Sbaa  
Constantine ;25235;Kaidi Abdellah   
Constantine ;25240;Ibn Ziad   
Constantine ;25241;Farallah
Constantine ;25250;Ain Kerma   
Constantine ;25251;Darsoun
Midia ;26000;Midia
Midia ;26001;Ain D'hab   
Midia ;26002;Rezarza
Midia ;26100;Ouzera
Midia ;26101;Benhaddou Bouhadjar   
Midia ;26111;Tizi Mahdi   
Midia ;26120;Draa Essamar   
Midia ;26125;Tamesguida
Midia ;26130;Oued Harbil   
Midia ;26140;El Hamdania   
Midia ;26145;Benchicao
Midia ;26150;Ouamri
Midia ;26160;Si Mahdjoub   
Midia ;26165;Bouaichoune
Midia ;26170;Ouled Bouachra   
Midia ;26180;Hannacha
Midia ;26200;Berrouaghia
Midia ;26201;M'hadjbia
Midia ;26211;Sidi Nadji   
Midia ;26220;El Omaria   
Midia ;26221;Sidi Salem   
Midia ;26230;Ouled Brahim (Midia)  
Midia ;26240;Khams Djouamaa   
Midia ;26250;Sidi Naamane   
Midia ;26260;Zoubiria
Midia ;26270;Rebaia
Midia ;26271;Merabtine
Midia ;26300;Ksar el Boukhari  
Midia ;26311;Ain Tletat   
Midia ;26320;Boghar
Midia ;26325;Moudjbar
Midia ;26330;Saneg
Midia ;26340;Oum el Djallil  
Midia ;26345;Chahbounia
Midia ;26350;Bou Aiche   
Midia ;26360;Boughezoul
Midia ;26365;Aziz
Midia ;26366;Kherba Siouf   
Midia ;26370;Derrag
Midia ;26380;Ouled Hellal   
Midia ;26381;Ain Dalia   
Midia ;26400;Beni Slimane   
Midia ;26401;Ahl Chaaba   
Midia ;26410;Sidi Errabia   
Midia ;26420;Djouab
Midia ;26430;Bir Ben Laabed  
Midia ;26441;Hakimia
Midia ;26442;Tamda
Midia ;26450;Boudkene
Midia ;26451;Ouled Larbi   
Midia ;26460;Sidi Ziane   
Midia ;26470;Sidi Zahar   
Midia ;26500;Ain Boucif   
Midia ;26510;Sidi Damed   
Midia ;26521;Benia
Midia ;26530;Chellalet El Adhaoura  
Midia ;26540;Cheniguel
Midia ;26550;Tafraout
Midia ;26560;Ain Ouksir   
Midia ;26570;Tlatet Eddouar   
Midia ;26580;Seghouane
Midia ;26591;Oum el Adham  
Midia ;26592;Bir Messaoud   
Midia ;26595;El Ouinet   
Midia ;26600;Tablat
Midia ;26610;Deux Bassins   
Midia ;26621;Seriat
Midia ;26630;El Azizia   
Midia ;26641;Maarik el Malah  
Midia ;26650;Meghraoua
Midia ;26660;Sedraia
Midia ;26670;Mihoub
Midia ;26680;Aissaouia
Midia ;26690;Bouchrahil
Midia ;26695;Baata
Mostaganem ;27000;Mostaganem
Mostaganem ;27001;Mostaganem Bordji   
Mostaganem ;27100;Hassi Mameche   
Mostaganem ;27110;Sayada
Mostaganem ;27111;Debdaba
Mostaganem ;27120;Mazagran
Mostaganem ;27121;Oureah
Mostaganem ;27130;Ain Nouissy   
Mostaganem ;27141;Beni Yahi   
Mostaganem ;27150;Stidia
Mostaganem ;27151;Louza
Mostaganem ;27160;Fornaka
Mostaganem ;27200;Ain Tedles   
Mostaganem ;27210;Sour
Mostaganem ;27215;Sidi Belattar   
Mostaganem ;27220;Oued El Kheir  
Mostaganem ;27230;Safsaf
Mostaganem ;27235;Kheiredine
Mostaganem ;27236;Ouled Hamou   
Mostaganem ;27240;Ain Boudinar   
Mostaganem ;27245;Bouguirat
Mostaganem ;27246;Ouled Chafaa   
Mostaganem ;27250;Sirat
Mostaganem ;27255;Mesra
Mostaganem ;27260;Ain Sidi Cherif  
Mostaganem ;27270;Touahria
Mostaganem ;27300;Sidi Ali   
Mostaganem ;27301;Achasta Ammor   
Mostaganem ;27302;M'zila Mahieddine   
Mostaganem ;27310;Hadjadj
Mostaganem ;27320;Abdelmalek Ramdane   
Mostaganem ;27330;Achaacha
Mostaganem ;27340;Ouled Boughalem   
Mostaganem ;27350;Sidi Lakhdar   
Mostaganem ;27351;Tazgait
Mostaganem ;27352;Mansourah
Mostaganem ;27370;Khadra
Mostaganem ;27380;Nekmaria
Mostaganem ;27390;Ouled Maallah
M'sila ;28000;M'sila
M'sila ;28001;Boukhemissa
M'sila ;28002;Ghezal
M'sila ;28003;Ain El Hadjel  
M'sila ;28003;Chebilia
M'sila ;28091;Baniou
M'sila ;28100;Ouled Derradj   
M'sila ;28101;Braktia
M'sila ;28111;Bichara
M'sila ;28112;Zitoun
M'sila ;28113;Djaouna
M'sila ;28114;El Ghil   
M'sila ;28120;Ouled Addi Guebala  
M'sila ;28121;M'zair
M'sila ;28130;Berhoum
M'sila ;28150;Magra
M'sila ;28160;Belaiba
M'sila ;28170;Ain Khadra   
M'sila ;28180;M'tarfa
M'sila ;28190;Souamaa
M'sila ;28200;Bou Saada   
M'sila ;28211;Eddis
M'sila ;28212;Mohamed Seddik Benyahia  
M'sila ;28215;Ben S'rour   
M'sila ;28217;El Allig   
M'sila ;28220;Sidi Ameur   
M'sila ;28225;Oultem
M'sila ;28230;Benzouh
M'sila ;28231;Ain Kermane   
M'sila ;28236;Djoub
M'sila ;28240;Zarzour
M'sila ;28251;Bir Guellalia   
M'sila ;28252;Djebel Meharga   
M'sila ;28253;Dhebel Thameur   
M'sila ;28254;Djebel Zeyreg   
M'sila ;28256;Djebel Guettara   
M'sila ;28265;Tamsa
M'sila ;28300;Sidi Aissa   
M'sila ;28301;Beddiab
M'sila ;28302;Berrarda
M'sila ;28320;Sidi Hadjeres   
M'sila ;28330;Zerarka
M'sila ;28331;Reguaieg
M'sila ;28340;Beni Ilmane   
M'sila ;28351;Guetfa
M'sila ;28400;Ain El Melh  
M'sila ;28401;Thameur Sidi M'hamed  
M'sila ;28411;Bordj Belkhrif   
M'sila ;28420;Ain Errich   
M'sila ;28431;Ain Oghrab   
M'sila ;28440;El Hamel   
M'sila ;28450;Medjedel
M'sila ;28451;Hassi Rahem   
M'sila ;28470;Slim
M'sila ;28480;Bir Fodda   
M'sila ;28481;M'guitaa
M'sila ;28490;Mohammed Boudiaf   
M'sila ;28495;Ain Fares   
M'sila ;28496;Ain Laaleg   
M'sila ;28500;Hammam Dalaa   
M'sila ;28501;Dreat
M'sila ;28502;Bir Mahdi   
M'sila ;28511;Ahl el Oued  
M'sila ;28511;Melouza
M'sila ;28520;Tarmount
M'sila ;28530;Ouled Mansour   
M'sila ;28540;Chellal
M'sila ;28541;Ced el Ghaba  
Mascara ;29000;Mascara
Mascara ;29001;Khessibia
Mascara ;29100;Bou Hanifia   
Mascara ;29101;Graia
Mascara ;29101;Sidi Slimane   
Mascara ;29110;Hacine
Mascara ;29120;El Guettana   
Mascara ;29130;Tizi
Mascara ;29140;Ain Fares   
Mascara ;29141;Noureddine
Mascara ;29200;Tighenif
Mascara ;29225;M'hamid
Mascara ;29230;El Bordj   
Mascara ;29235;El Menouar   
Mascara ;29240;Oued El Abtal  
Mascara ;29241;Ain Bouras   
Mascara ;29245;Ain Farah   
Mascara ;29250;Sidi Kada   
Mascara ;29251;Smala Sidi Mahieddine  
Mascara ;29255;Nesmoth
Mascara ;29260;Khalouia
Mascara ;29300;Sig
Mascara ;29301;Khrouf
Mascara ;29320;Ras Ain Amirouche  
Mascara ;29330;Zahana
Mascara ;29331;Djenien Meskine   
Mascara ;29340;El Gaada   
Mascara ;29350;Oggaz
Mascara ;29360;Alaimia
Mascara ;29400;Mohammidia
Mascara ;29401;Macta Menouar   
Mascara ;29402;Sahaouria
Mascara ;29420;Sidi Abdelmoumene   
Mascara ;29421;Sidi Benzerga   
Mascara ;29430;El Ghomri   
Mascara ;29440;Sedjerara
Mascara ;29450;Bou Henni   
Mascara ;29452;Yallou
Mascara ;29460;Mocta Douz   
Mascara ;29500;Ghriss
Mascara ;29510;Makda
Mascara ;29515;Oued Taria   
Mascara ;29520;Benian
Mascara ;29525;Ain Fekan   
Mascara ;29530;Ain Fras   
Mascara ;29535;Guerdjoum
Mascara ;29540;Matemore
Mascara ;29541;Zellaga
Mascara ;29550;Aouf
Mascara ;29560;Froha
Mascara ;29565;Maoussa
Ouargla ;30000;Ouargla
Ouargla ;30001;Bamendil
Ouargla ;30002;Chott
Ouargla ;30003;Bouameur
Ouargla ;30006;Sidi Amrane   
Ouargla ;30009;Beni Thour   
Ouargla ;30015;Ouargla 1er Mai  
Ouargla ;30100;Sidi Khouiled   
Ouargla ;30110;N'goussa
Ouargla ;30111;El Bour   
Ouargla ;30112;Frane
Ouargla ;30120;Ain Beida   
Ouargla ;30130;Rouissat
Ouargla ;30140;Hassi Ben Abdellah  
Ouargla ;30200;Touggourt
Ouargla ;30201;El Bhour   
Ouargla ;30202;El Ksour   
Ouargla ;30203;Ghamra
Ouargla ;30204;Goug
Ouargla ;30205;Moggar
Ouargla ;30206;Sidi Mahdi   
Ouargla ;30207;Touggourt Emir A.E.K.  
Ouargla ;30210;M'garine
Ouargla ;30220;Balidat Ameur   
Ouargla ;30230;Temacine
Ouargla ;30240;Touggourt Nezla   
Ouargla ;30250;Zaouia el Abidia  
Ouargla ;30260;Tebesbest
Ouargla ;30270;Sidi Slimane   
Ouargla ;30300;El Hadjira   
Ouargla ;30301;Chegga
Ouargla ;30302;Lagraf
Ouargla ;30303;Rachedi
Ouargla ;30310;El Allia   
Ouargla ;30400;Taibet
Ouargla ;30401;Dlilai
Ouargla ;30402;Mouih ben Ali  
Ouargla ;30410;M'naguer
Ouargla ;30420;Benaceur
Ouargla ;30500;Hassi Messaoud   
Ouargla ;30501;Haoud el Hamra  
Ouargla ;30502;Irara
Ouargla ;30510;El Borma
Oran ;31000;Oran  
Oran ;31001;Oran ben Abderrezak  
Oran ;31002;Oran Bougueri   
Oran ;31003;Oran Collis Postaux  
Oran ;31004;Oran D'haia   
Oran ;31005;Oran el Feth  
Oran ;31006;Oran el Hamri  
Oran ;31007;Oran el Makkari  
Oran ;31008;Oran el Marsa  
Oran ;31009;Oran el Moudjahed  
Oran ;31010;Oran Emir Khaled  
Oran ;31011;Oran es Sijane  
Oran ;31012;Oran es Soukhour  
Oran ;31013;Oran Hai Badr  
Oran ;31014;Oran H.L.M. Seddikia  
Oran ;31015;Houha Mohamed (Mahmoud)  
Oran ;31015;Oran Houha Mohamed  
Oran ;31016;Oran Ibn Sinna  
Oran ;31017;Oran Imam el   Houari    
Oran ;31018;Oran la Fontaine  
Oran ;31019;Oran Mekki Khelifa  
Oran ;31020;Oran Mouloud Ferauoun  
Oran ;31021;Oran Othmania   
Oran ;31022;Oran Oussama   
Oran ;31024;Oran RP   
Oran ;31025;Oran Seddikia   
Oran ;31026;Oran Sidi el   Bachir    
Oran ;31027;Oran Sidi Okba  
Oran ;31028;Oran Si Salah  
Oran ;31029;Oran Tafna   
Oran ;31030;Oran Wilaya   
Oran ;31031;Oran Yaghmorassen   
Oran ;31032;Oran Fellaoussene   
Oran ;31033;Oran RP Terre   2    
Oran ;31034;Oran Izidi Mohamed  
Oran ;31035;Oran Dar Beida  
Oran ;31036;Oran U.S.T.O.   
Oran ;31037;Oran Ibn Roch  
Oran ;31100;Es Senia   
Oran ;31101;En Nedjma   
Oran ;31103;Ain Beida   
Oran ;31110;El Karma   
Oran ;31121;Sidi Maarouf   
Oran ;31130;Bir el-Djir   
Oran ;31131;Bendaoud
Oran ;31132;El Minzah   
Oran ;31133;Khemisit
Oran ;31140;Oued Tlelat   
Oran ;31141;Mahdia
Oran ;31142;Kehailia
Oran ;31143;Sidi Ghalem   
Oran ;31150;El Braya   
Oran ;31160;Tafraoui
Oran ;31170;Boutlelis
Oran ;31171;Naib
Oran ;31180;Messerghin
Oran ;31181;Rabah
Oran ;31200;Arzew
Oran ;31201;Akid Othmane   
Oran ;31202;El Mahgoun   
Oran ;31210;Bethioua
Oran ;31210;Sidi Chami   
Oran ;31211;Granine
Oran ;31212;Ayaida
Oran ;31213;Chairia
Oran ;31214;Djefafla
Oran ;31215;Araba
Oran ;31220;Marsat El Hadjadj  
Oran ;31221;Hassasna
Oran ;31230;Ain Biya   
Oran ;31240;Boufatis
Oran ;31241;Gotni
Oran ;31242;Hassiane Ettoual   
Oran ;31250;Benfreha
Oran ;31250;Benfreha
Oran ;31260;Gdyel
Oran ;31261;Kristel
Oran ;31270;Hassi Mefsoukh   
Oran ;31280;Sidi ben Yabka  
Oran ;31290;Hassi Bounif   
Oran ;31291;Hassi Ameur   
Oran ;31295;Hassi Ben Okba  
Oran ;31300;Ain Turk   
Oran ;31301;Ain Turk Terre  
Oran ;31310;Mers el Kibir  
Oran ;31311;Akid Abbes   
Oran ;31312;Dadayoun
Oran ;31313;Fellaoussene A. Ramdane  
Oran ;31314;Mers el Kebir   Marine    
Oran ;31320;Bousfer
Oran ;31320;Bou Sfer   
Oran ;31321;Bousfer Air   
Oran ;31330;El Ancor   
Oran ;31340;Ain Kerma   
Oran ;31341;El Bordj el   Abiadh    
Oran ;31342;Sidi Bakhti
El Bayadh ;32000;El Bayadh   
El Bayadh ;32001;El Bayadh Hasnaoui   Said    
El Bayadh ;32002;El Bayadh Sahnoune   Miloud    
El Bayadh ;32100;Boualem
El Bayadh ;32110;Sidi Ameur   
El Bayadh ;32120;Sidi Tifour   
El Bayadh ;32130;Sidi Slimane   
El Bayadh ;32140;Stitten
El Bayadh ;32150;Ghassoul
El Bayadh ;32160;Krakda
El Bayadh ;32170;Brezina
El Bayadh ;32200;Bougtoub
El Bayadh ;32210;El Kheiter   
El Bayadh ;32211;Bordj el May  
El Bayadh ;32220;Tousmouline
El Bayadh ;32240;Rogassa
El Bayadh ;32250;Cheguig
El Bayadh ;32300;El Abiodh Sidi   Chekh    
El Bayadh ;32310;El Bnoud   
El Bayadh ;32320;Boussemghoun
El Bayadh ;32330;Chellala
El Bayadh ;32340;Ain el Orak  
El Bayadh ;32350;Arbaouat
El Bayadh ;32360;El Mehara
Illizi ;33000;Illizi
Illizi ;33100;Djanet
Illizi ;33200;In Amenas   
Illizi ;33210;Bordj Omar Driss  
Illizi ;33220;Debdeb
Bordj-Bou-Arreridj ;34000;Bordj-Bou-Arreridj
Bordj-Bou-Arreridj ;34001;Cherchar
Bordj-Bou-Arreridj ;34100;Mansoura
Bordj-Bou-Arreridj ;34101;El Hamra   
Bordj-Bou-Arreridj ;34120;El Mehir   
Bordj-Bou-Arreridj ;34125;Bendaoud
Bordj-Bou-Arreridj ;34130;Ouled Sidi Brahim  
Bordj-Bou-Arreridj ;34131;Tizi Kachouchene   
Bordj-Bou-Arreridj ;34145;Bordj Zemoura   
Bordj-Bou-Arreridj ;34146;Beni Laalem   
Bordj-Bou-Arreridj ;34160;Ouled Dahmane   
Bordj-Bou-Arreridj ;34166;Merdj Medjana   
Bordj-Bou-Arreridj ;34167;Ouled Rached   
Bordj-Bou-Arreridj ;34170;Tefreg
Bordj-Bou-Arreridj ;34175;El Main   
Bordj-Bou-Arreridj ;34180;Teniet En Nasr  
Bordj-Bou-Arreridj ;34185;Colla
Bordj-Bou-Arreridj ;34190;Medjana
Bordj-Bou-Arreridj ;34191;Ain Soltane   
Bordj-Bou-Arreridj ;34195;El Achir   
Bordj-Bou-Arreridj ;34200;Ras el Oued  
Bordj-Bou-Arreridj ;34201;Bir Hmaoudi   
Bordj-Bou-Arreridj ;34202;Rmail
Bordj-Bou-Arreridj ;34210;Ouled Brahim (Bordj   Bou Arreridj)   
Bordj-Bou-Arreridj ;34215;Ain Taghrout   
Bordj-Bou-Arreridj ;34216;Chefaa
Bordj-Bou-Arreridj ;34220;Bir Kasdali   
Bordj-Bou-Arreridj ;34225;Tixter
Bordj-Bou-Arreridj ;34235;Khelil
Bordj-Bou-Arreridj ;34240;El Hamadia   
Bordj-Bou-Arreridj ;34241;Mekarta
Bordj-Bou-Arreridj ;34245;Rabta
Bordj-Bou-Arreridj ;34255;Ksour
Bordj-Bou-Arreridj ;34260;Sidi Embarek   
Bordj-Bou-Arreridj ;34261;Ayada
Bordj-Bou-Arreridj ;34262;Bir Aissa   
Bordj-Bou-Arreridj ;34263;Guemmour
Bordj-Bou-Arreridj ;34264;Boulhaf
Bordj-Bou-Arreridj ;34270;Bilimour
Bordj-Bou-Arreridj ;34275;Bordj Ghidir   
Bordj-Bou-Arreridj ;34276;Telata
Bordj-Bou-Arreridj ;34285;Ghilassa
Bordj-Bou-Arreridj ;34295;El Anasser
Boumerdes ;35000;Boumerdes
Boumerdes ;35100;Dellys
Boumerdes ;35100;Dellys
Boumerdes ;35101;Takdempt
Boumerdes ;35110;Afir
Boumerdes ;35120;Benchoud
Boumerdes ;35130;Baghlia
Boumerdes ;35131;Ouled Hamida   
Boumerdes ;35132;Fourar Ain Sebaou  
Boumerdes ;35140;Taourga
Boumerdes ;35150;Sidi Daoud   
Boumerdes ;35151;Tchouchfi Bouberak   
Boumerdes ;35200;Bordj Menaiel   
Boumerdes ;35201;Rouafa
Boumerdes ;35202;Tizi Nali Slimane  
Boumerdes ;35210;Djinet
Boumerdes ;35211;Haouche ben Ouali  
Boumerdes ;35220;Chabet el Ameur  
Boumerdes ;35230;Isser
Boumerdes ;35231;Isserville
Boumerdes ;35232;Kehf el Gharbi  
Boumerdes ;35250;Naciria
Boumerdes ;35260;Zemmouri
Boumerdes ;35261;Koudiat el Arais  
Boumerdes ;35262;Boudhar
Boumerdes ;35270;Si Mustapha   
Boumerdes ;35280;Leghata
Boumerdes ;35320;Bordj El Bahri  
Boumerdes ;35321;El Marsa   
Boumerdes ;35350;Khemis El-Khechna   
Boumerdes ;35351;Bou Hamedi   
Boumerdes ;35352;Chebacheb
Boumerdes ;35353;Khemis el Khechna   17 juin   
Boumerdes ;35370;Larbatache
Boumerdes ;35400;Boudouaou
Boumerdes ;35420;Corso
Boumerdes ;35425;Beni Amrane   
Boumerdes ;35426;Bouaidel
Boumerdes ;35427;Haddada
Boumerdes ;35428;Zenina
Boumerdes ;35440;Ouled Moussa   
Boumerdes ;35450;El Kharrouba   
Boumerdes ;35470;Thenia
Boumerdes ;35471;Karma
Boumerdes ;35480;Souk El-Haad   
Boumerdes ;35490;Tidjelabine
El Taraf ;36000;El Tarf   
El Taraf ;36001;Ain Khiar   
El Taraf ;36002;Mexna
El Taraf ;36100;El Kala   
El Taraf ;36101;Kantara el Malha   el Hamra   
El Taraf ;36111;Oum Theboul   
El Taraf ;36112;Oued el Hout  
El Taraf ;36120;El Aioun   
El Taraf ;36130;Roum el Souk  
El Taraf ;36140;Ben Amar   
El Taraf ;36141;Bouaabed
El Taraf ;36142;Righia
El Taraf ;36150;Lac des Oiseaux  
El Taraf ;36160;Berrihane
El Taraf ;36170;Ain El Assel  
El Taraf ;36171;Boutella Abdallah   
El Taraf ;36180;Bougous
El Taraf ;36190;Zitouna
El Taraf ;36195;Bouteldja
El Taraf ;36200;Drean
El Taraf ;36201;Ain Allem   
El Taraf ;36210;Chihani
El Taraf ;36211;Raghouche
El Taraf ;36220;Ben M'hidi   
El Taraf ;36222;Sidi Kacem Boughermaa  
El Taraf ;36223;Sidi Embarek Bounamoussa  
El Taraf ;36230;Zerizer
El Taraf ;36240;Besbes
El Taraf ;36241;Dar Houssa   
El Taraf ;36242;Chott
El Taraf ;36250;Asfour
El Taraf ;36260;Chefia
El Taraf ;36271;Chebaita
El Taraf ;36300;Bouhadjar
El Taraf ;36310;Oued Zitoun   
El Taraf ;36320;Hammam Beni Salah  
El Taraf ;36330;Ain Kerma   
El Taraf ;36331;El Fhis   
El Taraf ;36332;Berdjilette
Tindouf ;37000;Tindouf
Tindouf ;37001;Tindouf Mouggar   
Tindouf ;37010;Oum el Assel  
Tindouf ;37011;Hassi Khebi
Tissemsilt ;38000;Tissemsilt
Tissemsilt ;38001;Ain Kerma   
Tissemsilt ;38100;Khemisti
Tissemsilt ;38101;Ain Ferradja   
Tissemsilt ;38102;Ain Guergour   
Tissemsilt ;38110;Ammari
Tissemsilt ;38120;Maasem
Tissemsilt ;38130;Ouled Bessem   
Tissemsilt ;38140;Sidi Abed   
Tissemsilt ;38200;Theniet El Had  
Tissemsilt ;38201;Amrouna
Tissemsilt ;38202;Meguisba
Tissemsilt ;38203;Sidi Megrani   
Tissemsilt ;38204;Sidi Mosbah   
Tissemsilt ;38210;Sidi Boutouchent   
Tissemsilt ;38220;Oued el Ghergua  
Tissemsilt ;38230;Layoune
Tissemsilt ;38231;Doui Hasni   
Tissemsilt ;38232;Baraka
Tissemsilt ;38240;Bordj Emir Abdelkader  
Tissemsilt ;38241;Sekaka
Tissemsilt ;38300;Bordj Bou Naama  
Tissemsilt ;38301;Melaab
Tissemsilt ;38310;Tamalaht
Tissemsilt ;38320;Beni Lahcene   
Tissemsilt ;38330;Beni Chaib   
Tissemsilt ;38331;Souk Sebt   
Tissemsilt ;38340;Sidi Slimane   
Tissemsilt ;38350;Boucaid
Tissemsilt ;38360;Lazharia
Tissemsilt ;38362;Tamzlait
Tissemsilt ;38370;Larbaa
Tissemsilt ;38390;Lardjem
Tissemsilt ;38395;Sidi Lantri
El Oued ;39000;El Oued   
El Oued ;39001;Lizerg
El Oued ;39100;Debila
El Oued ;39101;Djedeida
El Oued ;39102;Hassani Abdelkrim   
El Oued ;39110;Hassi Khalifa   
El Oued ;39130;Sidi Aoun   
El Oued ;39140;Magrane
El Oued ;39141;Ayaycha
El Oued ;39150;Bayada
El Oued ;39160;Trifaoui
El Oued ;39170;Robbah
El Oued ;39171;Oglat Amiche   
El Oued ;39180;Nakhla
El Oued ;39200;El M'Ghair   
El Oued ;39200;N'cira
El Oued ;39202;El Baadj   
El Oued ;39203;Ain Cheikh   
El Oued ;39204;Dendouga
El Oued ;39210;Stile
El Oued ;39220;Oum Touyour   
El Oued ;39230;Sidi Khellil   
El Oued ;39240;Djamaa
El Oued ;39241;Ain Choucha   
El Oued ;39242;El Arfiane   
El Oued ;39243;Tamerna
El Oued ;39244;Tigidine
El Oued ;39245;Zaoualia
El Oued ;39250;M'Rara
El Oued ;39260;Sidi Amrane   
El Oued ;39271;Tenedla
El Oued ;39300;Tayeb Larbi   
El Oued ;39311;Douilat
El Oued ;39400;Guemar
El Oued ;39401;Ghamra
El Oued ;39402;Hobba
El Oued ;39410;Mih Ouansa   
El Oued ;39420;Ouled El Alenda  
El Oued ;39430;Reguiba
El Oued ;39440;Hamraia
El Oued ;39450;Kouinine
El Oued ;39460;Ourmas
El Oued ;39470;Taghzout
Khenchela ;40000;Khenchela
Khenchela ;40001;Tamayourt
Khenchela ;40100;El Hamma   
Khenchela ;40101;Chentgouma
Khenchela ;40102;Ain Mimoun   
Khenchela ;40103;Hamam Salihine   
Khenchela ;40120;M'toussa
Khenchela ;40130;Baghai
Khenchela ;40141;Ain Aizar   
Khenchela ;40150;Ain Touila   
Khenchela ;40151;Belkitane
Khenchela ;40152;Bekkar
Khenchela ;40200;Kais
Khenchela ;40201;Henchir M'lieh   
Khenchela ;40220;Taouzient
Khenchela ;40230;Yabous
Khenchela ;40240;Bouhmama
Khenchela ;40250;M'sara
Khenchela ;40261;Kamouda
Khenchela ;40300;Chechar
Khenchela ;40301;Taberdga
Khenchela ;40302;Seiar
Khenchela ;40303;Aghir
Khenchela ;40304;Tafassour
Khenchela ;40310;Kheirane
Khenchela ;40320;Djellal
Khenchela ;40321;Tizint
Khenchela ;40331;Ain Djarboua   
Khenchela ;40332;Zoui
Khenchela ;40340;Babar
Khenchela ;40341;Fouanis
Khenchela ;40351;Tazougart
Khenchela ;40352;Ouled Azzedine   
Khenchela ;40360;El Oudja
Souk-Ahras ;41000;Souk Ahras   
Souk-Ahras ;41100;Taoura
Souk-Ahras ;41101;Battoum
Souk-Ahras ;41102;Bou Maaraf   
Souk-Ahras ;41110;Mechroha
Souk-Ahras ;41111;Ain Seynour   
Souk-Ahras ;41115;Merahna
Souk-Ahras ;41116;Bir Louhichi   
Souk-Ahras ;41131;Bordj M'raou   
Souk-Ahras ;41140;Drea
Souk-Ahras ;41146;El Betiha   
Souk-Ahras ;41150;Tiffech
Souk-Ahras ;41155;Zaarouria
Souk-Ahras ;41165;Ouled Driss   
Souk-Ahras ;41200;Sedrata
Souk-Ahras ;41210;Khemissa
Souk-Ahras ;41220;M'daourouch
Souk-Ahras ;41222;Ain Hadjar   
Souk-Ahras ;41230;Oued Kerberit   
Souk-Ahras ;41240;Ragouba
Souk-Ahras ;41250;Bhir Bouhouche   
Souk-Ahras ;41280;An Soltane   
Souk-Ahras ;41290;Oum El Adhaim  
Tipaza ;42000;Tipaza
Tipaza ;42101;Rivaille
Tipaza ;42102;Hamdania
Tipaza ;42103;Cherchell Terre   
Tipaza ;42110;Sidi Semiane   
Tipaza ;42115;Sidi Ghiles   
Tipaza ;42120;Hadjeret Ennous   
Tipaza ;42125;Menaceur
Tipaza ;42126;Temloul
Tipaza ;42127;Fedjana
Tipaza ;42128;Ban Yagoub Fedjana  
Tipaza ;42128;Benicoub Fedhaba   
Tipaza ;42130;Sidi Amar   
Tipaza ;42135;Gouraya
Tipaza ;42140;Messelmoun
Tipaza ;42145;Dmaous
Tipaza ;42146;Bouyamine
Tipaza ;42150;Larhat
Tipaza ;42161;Loudalouze
Tipaza ;42200;Hadjout
Tipaza ;42202;Errahaba
Tipaza ;42203;El Bachir Mohamed  
Tipaza ;42210;Meurad
Tipaza ;42211;Bouteldja
Tipaza ;42220;Ahmar el Ain  
Tipaza ;42221;Cinq Martyrs   
Tipaza ;42230;Bourkika
Tipaza ;42231;Sahel
Tipaza ;42240;Nador
Tipaza ;42250;Sidi Rached   
Tipaza ;42300;Cherchell
Tipaza ;42301;Bouchaoui
Tipaza ;42302;Oued Sidi Lekhal  
Tipaza ;42320;Zeralda
Tipaza ;42321;Sidi-Fredj
Tipaza ;42322;El Bridja   
Tipaza ;42323;Zeralda B Souidana  
Tipaza ;42324;Mazafran Bouzezga   
Tipaza ;42330;Ain Benian   
Tipaza ;42340;Staoueli
Tipaza ;42370;Baba Hassen   
Tipaza ;42380;Souidania
Tipaza ;42390;Khraicia
Tipaza ;42391;Sidi Boukhris   
Tipaza ;42395;Saoula
Tipaza ;42396;Baba Ali   
Tipaza ;42400;Kolea
Tipaza ;42410;Chaiba
Tipaza ;42415;Bou Ismail   
Tipaza ;42416;Halloula Sahilia   
Tipaza ;42420;Khemisti
Tipaza ;42420;Port Khemisti   
Tipaza ;42425;Bou Haroun   
Tipaza ;42430;Ain Tagourait   
Tipaza ;42435;Attatba
Tipaza ;42440;Fouka
Tipaza ;42441;Fouka el Bahri  
Tipaza ;42442;Ain El Ahdjar  
Tipaza ;42445;Douaouda Ville   
Tipaza ;42446;Douaouda Marine   
Tipaza ;42447;Daouda Oliviers   
Tipaza ;42450;Mehelma
Tipaza ;42451;Zaatria
Mila ;43000;Mila
Mila ;43001;Azeba
Mila ;43100;Grarem
Mila ;43101;Guettara
Mila ;43110;Ain Tine   
Mila ;43130;Chigara
Mila ;43140;Hamala
Mila ;43150;Sidi Merouane   
Mila ;43200;Chelghoum Laid   
Mila ;43201;Boufoula
Mila ;43202;Boukarana
Mila ;43202;Tahamachet
Mila ;43210;Ain Mellouk   
Mila ;43211;Mechtatine
Mila ;43220;Tadjenanet
Mila ;43230;Benyahia Abderrahmane   
Mila ;43240;Oued Athmenia   
Mila ;43241;Bled Youcef   
Mila ;43242;Djebel Aougueb   
Mila ;43243;Boumalek
Mila ;43250;Teleghma
Mila ;43251;Ben Boulaid   
Mila ;43260;Oued Seguen   
Mila ;43270;Ouled Khalouf   
Mila ;43280;El Mechira   
Mila ;43301;Fedj M'zala   
Mila ;43316;Beni Guecha   
Mila ;43320;Tiberguent
Mila ;43325;Tassadane
Mila ;43331;Ain Beida Djebel   Halfa    
Mila ;43336;Kef Bouderga   
Mila ;43337;Merouana
Mila ;43338;Ain Trik   
Mila ;43346;Redjas
Mila ;43350;Amira Arris   
Mila ;43356;Beinen
Mila ;43360;Zeghaia
Mila ;43365;Ahmed Rachedi   
Mila ;43370;Rouached
Mila ;43371;Sidi Zerrouk   
Mila ;43376;Zarza
Mila ;43380;Tassala
Ain Defla;44000;Ain Defla   
Ain Defla;44100;Djelida
Ain Defla;44101;Baba Driss Aouaidia  
Ain Defla;44110;Tarik Ibn Ziad  
Ain Defla;44120;Bordj Emir Khaled  
Ain Defla;44130;Bourached
Ain Defla;44135;El Amra   
Ain Defla;44136;El Aneb   
Ain Defla;44140;Mekhatria
Ain Defla;44150;El Hassania   
Ain Defla;44151;Souk el Djemaa  
Ain Defla;44160;Djemaa Ouled Cheikh  
Ain Defla;44165;Bathia
Ain Defla;44170;Arib
Ain Defla;44171;Dar el Kaid  
Ain Defla;44180;Oued Djemaa   
Ain Defla;44190;Bir Ould Khelifa  
Ain Defla;44200;Miliana
Ain Defla;44201;Zouggala
Ain Defla;44210;Ben Allal   
Ain Defla;44220;Ain Torki   
Ain Defla;44225;Khemis Miliana   
Ain Defla;44226;Ouled Belgacem   
Ain Defla;44230;Sidi Lakhdar   
Ain Defla;44240;Ain Soltane   
Ain Defla;44245;Boumedfaa
Ain Defla;44246;Oued Zeboudj   
Ain Defla;44250;Hammam Righa   
Ain Defla;44260;Ain Benian   
Ain Defla;44265;Hoceinia
Ain Defla;44270;Djendel
Ain Defla;44271;Ain Dem   
Ain Defla;44280;Ain Lechiekh   
Ain Defla;44285;Oued Chorfa   
Ain Defla;44286;Amourah
Ain Defla;44290;Bir Bouche   
Ain Defla;44300;El Attaf   
Ain Defla;44301;Moulay Abdelkader   
Ain Defla;44302;Ouled Azza   
Ain Defla;44303;Cheikh Benyahia   
Ain Defla;44304;Sidi Bouabida   
Ain Defla;44305;Ouled Moussa Terchi  
Ain Defla;44330;Bellaas
Ain Defla;44340;El Abaida   
Ain Defla;44350;Tacheta Zougara   
Ain Defla;44360;Ain Bouyahia   
Ain Defla;44370;Rouina
Ain Defla;44380;Zeddine
Naama ;45000;Naama
Naama ;45001;Touadjeur
Naama ;45100;Mecheria
Naama ;45110;Ain Ben Khelil  
Naama ;45120;Mekmen ben Amar  
Naama ;45130;El Kesdir   
Naama ;45140;El Biod   
Naama ;45200;Ain Sefra   
Naama ;45201;Mekter Forthassa   
Naama ;45210;Tiout
Naama ;45220;Sfissifa
Naama ;45230;Moghrar
Naama ;45231;Moghrar Foukani   
Naama ;45232;Moghrar Tahtani   
Naama ;45240;Djenien Bourezg   
Naama ;45250;Asla
Ain Temouchent ;46000;Ain Temouchent   
Ain Temouchent ;46100;El Malah   
Ain Temouchent ;46110;El Amria   
Ain Temouchent ;46125;Hassi el Ghella  
Ain Temouchent ;46126;Aissaoui Boziane el   Badr    
Ain Temouchent ;46130;Ouled Boudjemaa   
Ain Temouchent ;46135;Ain Kihal   
Ain Temouchent ;46140;Sidi Ben Adda  
Ain Temouchent ;46145;Terga
Ain Temouchent ;46155;Aghlal
Ain Temouchent ;46160;Chaabat El Leham  
Ain Temouchent ;46200;Hammam Bouhadjar   
Ain Temouchent ;46201;Ain Beida   
Ain Temouchent ;46210;Ain El Arbaa  
Ain Temouchent ;46230;Hassana
Ain Temouchent ;46240;Oued Berkeche   
Ain Temouchent ;46240;Tamzoura
Ain Temouchent ;46250;Oued Sebbah   
Ain Temouchent ;46270;Aoubellil
Ain Temouchent ;46300;Beni Saf   
Ain Temouchent ;46310;Sidi Safi   
Ain Temouchent ;46320;El Emir Abdelkader  
Ain Temouchent ;46331;Souk el Tenine  
Ain Temouchent ;46341;Sidi Ouriache   
Ain Temouchent ;46350;Ain Tolba   
Ain Temouchent ;46351;Ain Allem
Ghardaia ;47000;Ghardaia
Ghardaia ;47001;Belghanem
Ghardaia ;47002;Melika
Ghardaia ;47004;Baissa Oualouane   
Ghardaia ;47006;Lamied
Ghardaia ;47007;Noumerat
Ghardaia ;47008;Hai el Moudjahidine  
Ghardaia ;47100;Berriane
Ghardaia ;47110;El Guerrara   
Ghardaia ;47120;El Atteuf   
Ghardaia ;47121;Ghardaia Noumerat   
Ghardaia ;47130;Bounoura
Ghardaia ;47005;Beni Isguen   
Ghardaia ;47132;Sidi Abbaz 20   aout 1955   
Ghardaia ;47133;Garat Ettaam   
Ghardaia ;47140;Dayet Ben Dahoua  
Ghardaia ;47200;Metili
Ghardaia ;47201;Souareg
Ghardaia ;47202;Guemgouma
Ghardaia ;47210;Mansoura Nouvelle   
Ghardaia ;47220;Hassi el Fehel  
Ghardaia ;47230;Seb Seb   
Ghardaia ;47230;Zelfana
Ghardaia ;47300;El Mianiaa   
Ghardaia ;47301;Belbachir
Ghardaia ;47310;Hassi el Gara  
Relizane ;48000;Relizane
Relizane ;48100;El Matmar   
Relizane ;48115;Kalaa
Relizane ;48116;Semmar
Relizane ;48125;Yellel
Relizane ;48135;Mendes
Relizane ;48136;Kenenda
Relizane ;48145;Sidi Khettab   
Relizane ;48150;Belaassel Bouzegza   
Relizane ;48155;Zemmora
Relizane ;48170;Oued El Djemaa  
Relizane ;48175;Oued es Salem  
Relizane ;48180;Sidi M'Hamed Benaouda  
Relizane ;48200;Mazouna
Relizane ;48201;Ouled Meziane   
Relizane ;48210;Sidi M'hamed Ben   Ali    
Relizane ;48220;El Guettar   
Relizane ;48230;Mediouna
Relizane ;48240;Beni Zentis   
Relizane ;48300;Oued Rhiou   
Relizane ;48301;Kharmacha
Relizane ;48315;Ammi Moussa   
Relizane ;48316;Souk El Had  
Relizane ;48321;Ouled Moudjeur   
Relizane ;48325;Ain Tarek   
Relizane ;48335;Ouarizane
Relizane ;48340;El H'madna   
Relizane ;48345;Ouled Sidi Mihoub  
Relizane ;48350;Ouled Yaich   
Relizane ;48360;Djidiouia
Relizane ;48365;Hamri
Relizane ;48370;Ramka
Relizane ;48380;Lahlef
Relizane ;48381;Grainia  
